old_filename,new_save_suffix,plot_function,notebook,section,cell_index_in_clean_notebook
_cell008_violin_1.png,_S01_01_violin_sample_n_genes_by_counts_total_counts_pct_counts_mt_pct_counts_ribo.png,violin,snRNAseq_Preprocessing-QualityControl-Annotation_EarlyGastrula-Stage10-Xtrop_descriptive_section_paths(1).ipynb,1,16
_cell017_doubletprediction.png,_S01_02_violin_doublet_info_n_genes_by_counts.png,violin,snRNAseq_Preprocessing-QualityControl-Annotation_EarlyGastrula-Stage10-Xtrop_descriptive_section_paths(1).ipynb,1,28
_cell019_highly_variable_genes_1.png,_S01_03_highly_variable_genes.png,highly_variable_genes,snRNAseq_Preprocessing-QualityControl-Annotation_EarlyGastrula-Stage10-Xtrop_descriptive_section_paths(1).ipynb,1,34
_cell024_pca_1.png,_S02_01_pca_sample.png,pca,snRNAseq_Preprocessing-QualityControl-Annotation_EarlyGastrula-Stage10-Xtrop_descriptive_section_paths(1).ipynb,2,45
_cell025_pca_variance_ratio_1.png,_S02_02_pca_variance_ratio.png,pca_variance_ratio,snRNAseq_Preprocessing-QualityControl-Annotation_EarlyGastrula-Stage10-Xtrop_descriptive_section_paths(1).ipynb,2,47
_cell026_pca_loadings_1.png,_S02_03_pca_loadings.png,pca_loadings,snRNAseq_Preprocessing-QualityControl-Annotation_EarlyGastrula-Stage10-Xtrop_descriptive_section_paths(1).ipynb,2,49
_cell028_tsne_1.png,_S02_04_tsne.png,tsne,snRNAseq_Preprocessing-QualityControl-Annotation_EarlyGastrula-Stage10-Xtrop_descriptive_section_paths(1).ipynb,2,54
_cell030_tsne_1.png,_S02_05_tsne.png,tsne,snRNAseq_Preprocessing-QualityControl-Annotation_EarlyGastrula-Stage10-Xtrop_descriptive_section_paths(1).ipynb,2,57
_cell031_umap_1.png,_S02_06_umap.png,umap,snRNAseq_Preprocessing-QualityControl-Annotation_EarlyGastrula-Stage10-Xtrop_descriptive_section_paths(1).ipynb,2,60
_cell032_umap_1.png,_S02_07_umap.png,umap,snRNAseq_Preprocessing-QualityControl-Annotation_EarlyGastrula-Stage10-Xtrop_descriptive_section_paths(1).ipynb,2,61
_cell033_umap_1.png,_S02_08_umap.png,umap,snRNAseq_Preprocessing-QualityControl-Annotation_EarlyGastrula-Stage10-Xtrop_descriptive_section_paths(1).ipynb,2,62
_cell034_umap_1.png,_S02_09_umap.png,umap,snRNAseq_Preprocessing-QualityControl-Annotation_EarlyGastrula-Stage10-Xtrop_descriptive_section_paths(1).ipynb,2,63
_cell035_umap_1.png,_S02_10_umap.png,umap,snRNAseq_Preprocessing-QualityControl-Annotation_EarlyGastrula-Stage10-Xtrop_descriptive_section_paths(1).ipynb,2,64
_cell037_umap_1.png,_S03_01_umap_marker_panel.png,umap,snRNAseq_Preprocessing-QualityControl-Annotation_EarlyGastrula-Stage10-Xtrop_descriptive_section_paths(1).ipynb,3,68
_cell038_umap_1.png,_S03_02_umap_marker_panel.png,umap,snRNAseq_Preprocessing-QualityControl-Annotation_EarlyGastrula-Stage10-Xtrop_descriptive_section_paths(1).ipynb,3,69
_cell039_umap_1.png,_S03_03_umap_marker_panel.png,umap,snRNAseq_Preprocessing-QualityControl-Annotation_EarlyGastrula-Stage10-Xtrop_descriptive_section_paths(1).ipynb,3,70
_cell040_umap_1.png,_S03_04_umap_marker_panel.png,umap,snRNAseq_Preprocessing-QualityControl-Annotation_EarlyGastrula-Stage10-Xtrop_descriptive_section_paths(1).ipynb,3,71
_cell041_umap_1.png,_S03_05_umap_doublet_info_total_counts.png,umap,snRNAseq_Preprocessing-QualityControl-Annotation_EarlyGastrula-Stage10-Xtrop_descriptive_section_paths(1).ipynb,3,73
_cell043_umap_1.png,_S03_06_umap_doublet_info.png,umap,snRNAseq_Preprocessing-QualityControl-Annotation_EarlyGastrula-Stage10-Xtrop_descriptive_section_paths(1).ipynb,3,76
_cell042_umap_1.png,_S03_07_umap.png,umap,snRNAseq_Preprocessing-QualityControl-Annotation_EarlyGastrula-Stage10-Xtrop_descriptive_section_paths(1).ipynb,3,78
_cell047_umap_1.png,_S04_01_umap_leiden_0_1_leiden_0_3_leiden_0_8_leiden_1_2.png,umap,snRNAseq_Preprocessing-QualityControl-Annotation_EarlyGastrula-Stage10-Xtrop_descriptive_section_paths(1).ipynb,4,85
_cell048_umap_1.png,_S04_02_umap_leiden_10_0.png,umap,snRNAseq_Preprocessing-QualityControl-Annotation_EarlyGastrula-Stage10-Xtrop_descriptive_section_paths(1).ipynb,4,86
_cell050_umap_1.png,_S04_03_umap.png,umap,snRNAseq_Preprocessing-QualityControl-Annotation_EarlyGastrula-Stage10-Xtrop_descriptive_section_paths(1).ipynb,4,90
_cell051_umap_1.png,_S04_04_umap_marker_panel.png,umap,snRNAseq_Preprocessing-QualityControl-Annotation_EarlyGastrula-Stage10-Xtrop_descriptive_section_paths(1).ipynb,4,92
_cell057_umap_neighbor_labels.png,_S04_05_umap_annotation_col.png,umap,snRNAseq_Preprocessing-QualityControl-Annotation_EarlyGastrula-Stage10-Xtrop_descriptive_section_paths(1).ipynb,4,100
_cell058_smoothed_cluster_boundaries.png,_S04_06_umap_annotation_col.png,umap,snRNAseq_Preprocessing-QualityControl-Annotation_EarlyGastrula-Stage10-Xtrop_descriptive_section_paths(1).ipynb,4,101
_cell060_umap_1.png,_S04_07_umap_region_annotation.png,umap,snRNAseq_Preprocessing-QualityControl-Annotation_EarlyGastrula-Stage10-Xtrop_descriptive_section_paths(1).ipynb,4,104
_cell061_umap_1.png,_S04_08_umap_leiden_0_1.png,umap,snRNAseq_Preprocessing-QualityControl-Annotation_EarlyGastrula-Stage10-Xtrop_descriptive_section_paths(1).ipynb,4,105
_cell063_umap_1.png,_S04_09_umap.png,umap,snRNAseq_Preprocessing-QualityControl-Annotation_EarlyGastrula-Stage10-Xtrop_descriptive_section_paths(1).ipynb,4,109
_cell064_umap_1.png,_S04_10_umap_marker_panel.png,umap,snRNAseq_Preprocessing-QualityControl-Annotation_EarlyGastrula-Stage10-Xtrop_descriptive_section_paths(1).ipynb,4,111
_cell068_umap_neighbor_labels.png,_S04_11_umap_annotation_col.png,umap,snRNAseq_Preprocessing-QualityControl-Annotation_EarlyGastrula-Stage10-Xtrop_descriptive_section_paths(1).ipynb,4,117
_cell069_smoothed_cluster_boundaries.png,_S04_12_umap_annotation_col.png,umap,snRNAseq_Preprocessing-QualityControl-Annotation_EarlyGastrula-Stage10-Xtrop_descriptive_section_paths(1).ipynb,4,118
_cell071_umap_1.png,_S04_13_umap_region_annotation.png,umap,snRNAseq_Preprocessing-QualityControl-Annotation_EarlyGastrula-Stage10-Xtrop_descriptive_section_paths(1).ipynb,4,121
_cell072_umap_1.png,_S04_14_umap_leiden_0_1.png,umap,snRNAseq_Preprocessing-QualityControl-Annotation_EarlyGastrula-Stage10-Xtrop_descriptive_section_paths(1).ipynb,4,122
_cell074_umap_1.png,_S04_15_umap.png,umap,snRNAseq_Preprocessing-QualityControl-Annotation_EarlyGastrula-Stage10-Xtrop_descriptive_section_paths(1).ipynb,4,126
_cell075_umap_1.png,_S04_16_umap_marker_panel.png,umap,snRNAseq_Preprocessing-QualityControl-Annotation_EarlyGastrula-Stage10-Xtrop_descriptive_section_paths(1).ipynb,4,128
_cell080_umap_neighbor_labels.png,_S04_17_umap_annotation_col.png,umap,snRNAseq_Preprocessing-QualityControl-Annotation_EarlyGastrula-Stage10-Xtrop_descriptive_section_paths(1).ipynb,4,135
_cell081_smoothed_cluster_boundaries.png,_S04_18_umap_annotation_col.png,umap,snRNAseq_Preprocessing-QualityControl-Annotation_EarlyGastrula-Stage10-Xtrop_descriptive_section_paths(1).ipynb,4,136
_cell084_umap_1.png,_S04_19_umap_region_annotation.png,umap,snRNAseq_Preprocessing-QualityControl-Annotation_EarlyGastrula-Stage10-Xtrop_descriptive_section_paths(1).ipynb,4,141
_cell115_umap_1.png,_S06_01_umap_region_annotation.png,umap,snRNAseq_Preprocessing-QualityControl-Annotation_EarlyGastrula-Stage10-Xtrop_descriptive_section_paths(1).ipynb,6,150
_cell008_violin_1.png,_S01_01_violin_sample_n_genes_by_counts_total_counts_pct_counts_mt_pct_counts_ribo.png,violin,snRNAseq_Preprocessing-QualityControl-Annotation_EarlyGastrula-Stage11-MO_Xtrop_descriptive_section_paths.ipynb,1,17
_cell017_doubletprediction.png,_S01_02_violin_doublet_info_n_genes_by_counts.png,violin,snRNAseq_Preprocessing-QualityControl-Annotation_EarlyGastrula-Stage11-MO_Xtrop_descriptive_section_paths.ipynb,1,31
_cell019_highly_variable_genes_1.png,_S01_03_highly_variable_genes.png,highly_variable_genes,snRNAseq_Preprocessing-QualityControl-Annotation_EarlyGastrula-Stage11-MO_Xtrop_descriptive_section_paths.ipynb,1,37
_cell024_pca_1.png,_S02_01_pca_sample.png,pca,snRNAseq_Preprocessing-QualityControl-Annotation_EarlyGastrula-Stage11-MO_Xtrop_descriptive_section_paths.ipynb,2,48
_cell025_pca_variance_ratio_1.png,_S02_02_pca_variance_ratio.png,pca_variance_ratio,snRNAseq_Preprocessing-QualityControl-Annotation_EarlyGastrula-Stage11-MO_Xtrop_descriptive_section_paths.ipynb,2,50
_cell026_pca_loadings_1.png,_S02_03_pca_loadings.png,pca_loadings,snRNAseq_Preprocessing-QualityControl-Annotation_EarlyGastrula-Stage11-MO_Xtrop_descriptive_section_paths.ipynb,2,52
_cell028_tsne_1.png,_S02_04_tsne.png,tsne,snRNAseq_Preprocessing-QualityControl-Annotation_EarlyGastrula-Stage11-MO_Xtrop_descriptive_section_paths.ipynb,2,57
_cell030_tsne_1.png,_S02_05_tsne.png,tsne,snRNAseq_Preprocessing-QualityControl-Annotation_EarlyGastrula-Stage11-MO_Xtrop_descriptive_section_paths.ipynb,2,60
_cell031_umap_1.png,_S02_06_umap.png,umap,snRNAseq_Preprocessing-QualityControl-Annotation_EarlyGastrula-Stage11-MO_Xtrop_descriptive_section_paths.ipynb,2,63
_cell032_umap_1.png,_S02_07_umap.png,umap,snRNAseq_Preprocessing-QualityControl-Annotation_EarlyGastrula-Stage11-MO_Xtrop_descriptive_section_paths.ipynb,2,64
_cell033_umap_1.png,_S02_08_umap.png,umap,snRNAseq_Preprocessing-QualityControl-Annotation_EarlyGastrula-Stage11-MO_Xtrop_descriptive_section_paths.ipynb,2,65
_cell034_umap_1.png,_S02_09_umap.png,umap,snRNAseq_Preprocessing-QualityControl-Annotation_EarlyGastrula-Stage11-MO_Xtrop_descriptive_section_paths.ipynb,2,66
_cell035_umap_1.png,_S02_10_umap.png,umap,snRNAseq_Preprocessing-QualityControl-Annotation_EarlyGastrula-Stage11-MO_Xtrop_descriptive_section_paths.ipynb,2,67
_cell037_umap_1.png,_S03_01_umap_marker_panel.png,umap,snRNAseq_Preprocessing-QualityControl-Annotation_EarlyGastrula-Stage11-MO_Xtrop_descriptive_section_paths.ipynb,3,71
_cell038_umap_1.png,_S03_02_umap_marker_panel.png,umap,snRNAseq_Preprocessing-QualityControl-Annotation_EarlyGastrula-Stage11-MO_Xtrop_descriptive_section_paths.ipynb,3,72
_cell039_umap_1.png,_S03_03_umap_marker_panel.png,umap,snRNAseq_Preprocessing-QualityControl-Annotation_EarlyGastrula-Stage11-MO_Xtrop_descriptive_section_paths.ipynb,3,73
_cell040_umap_1.png,_S03_04_umap_marker_panel.png,umap,snRNAseq_Preprocessing-QualityControl-Annotation_EarlyGastrula-Stage11-MO_Xtrop_descriptive_section_paths.ipynb,3,74
_cell041_umap_1.png,_S03_05_umap_doublet_info_total_counts.png,umap,snRNAseq_Preprocessing-QualityControl-Annotation_EarlyGastrula-Stage11-MO_Xtrop_descriptive_section_paths.ipynb,3,76
_cell043_umap_1.png,_S03_06_umap_doublet_info.png,umap,snRNAseq_Preprocessing-QualityControl-Annotation_EarlyGastrula-Stage11-MO_Xtrop_descriptive_section_paths.ipynb,3,79
_cell042_umap_1.png,_S03_07_umap.png,umap,snRNAseq_Preprocessing-QualityControl-Annotation_EarlyGastrula-Stage11-MO_Xtrop_descriptive_section_paths.ipynb,3,81
_cell047_umap_1.png,_S04_01_umap_leiden_0_05_leiden_0_15_leiden_0_2_leiden_0_8.png,umap,snRNAseq_Preprocessing-QualityControl-Annotation_EarlyGastrula-Stage11-MO_Xtrop_descriptive_section_paths.ipynb,4,88
_cell048_umap_1.png,_S04_02_umap_leiden_10_0.png,umap,snRNAseq_Preprocessing-QualityControl-Annotation_EarlyGastrula-Stage11-MO_Xtrop_descriptive_section_paths.ipynb,4,89
_cell050_umap_1.png,_S04_03_umap.png,umap,snRNAseq_Preprocessing-QualityControl-Annotation_EarlyGastrula-Stage11-MO_Xtrop_descriptive_section_paths.ipynb,4,93
_cell051_umap_1.png,_S04_04_umap_marker_panel.png,umap,snRNAseq_Preprocessing-QualityControl-Annotation_EarlyGastrula-Stage11-MO_Xtrop_descriptive_section_paths.ipynb,4,95
_cell057_umap_neighbor_labels.png,_S04_05_umap_annotation_col.png,umap,snRNAseq_Preprocessing-QualityControl-Annotation_EarlyGastrula-Stage11-MO_Xtrop_descriptive_section_paths.ipynb,4,104
_cell058_smoothed_cluster_boundaries.png,_S04_06_umap_annotation_col.png,umap,snRNAseq_Preprocessing-QualityControl-Annotation_EarlyGastrula-Stage11-MO_Xtrop_descriptive_section_paths.ipynb,4,105
_cell060_umap_1.png,_S04_07_umap_region_annotation.png,umap,snRNAseq_Preprocessing-QualityControl-Annotation_EarlyGastrula-Stage11-MO_Xtrop_descriptive_section_paths.ipynb,4,108
_cell061_umap_1.png,_S04_08_umap_leiden_0_15.png,umap,snRNAseq_Preprocessing-QualityControl-Annotation_EarlyGastrula-Stage11-MO_Xtrop_descriptive_section_paths.ipynb,4,109
_cell063_umap_1.png,_S04_09_umap.png,umap,snRNAseq_Preprocessing-QualityControl-Annotation_EarlyGastrula-Stage11-MO_Xtrop_descriptive_section_paths.ipynb,4,113
_cell064_umap_1.png,_S04_10_umap_marker_panel.png,umap,snRNAseq_Preprocessing-QualityControl-Annotation_EarlyGastrula-Stage11-MO_Xtrop_descriptive_section_paths.ipynb,4,115
_cell068_umap_neighbor_labels.png,_S04_11_umap_annotation_col.png,umap,snRNAseq_Preprocessing-QualityControl-Annotation_EarlyGastrula-Stage11-MO_Xtrop_descriptive_section_paths.ipynb,4,122
_cell069_smoothed_cluster_boundaries.png,_S04_12_umap_annotation_col.png,umap,snRNAseq_Preprocessing-QualityControl-Annotation_EarlyGastrula-Stage11-MO_Xtrop_descriptive_section_paths.ipynb,4,123
_cell071_umap_1.png,_S04_13_umap_region_annotation.png,umap,snRNAseq_Preprocessing-QualityControl-Annotation_EarlyGastrula-Stage11-MO_Xtrop_descriptive_section_paths.ipynb,4,126
_cell072_umap_1.png,_S04_14_umap_leiden_0_15.png,umap,snRNAseq_Preprocessing-QualityControl-Annotation_EarlyGastrula-Stage11-MO_Xtrop_descriptive_section_paths.ipynb,4,127
_cell074_umap_1.png,_S04_15_umap.png,umap,snRNAseq_Preprocessing-QualityControl-Annotation_EarlyGastrula-Stage11-MO_Xtrop_descriptive_section_paths.ipynb,4,131
_cell075_umap_1.png,_S04_16_umap_marker_panel.png,umap,snRNAseq_Preprocessing-QualityControl-Annotation_EarlyGastrula-Stage11-MO_Xtrop_descriptive_section_paths.ipynb,4,133
_cell080_umap_neighbor_labels.png,_S04_17_umap_annotation_col.png,umap,snRNAseq_Preprocessing-QualityControl-Annotation_EarlyGastrula-Stage11-MO_Xtrop_descriptive_section_paths.ipynb,4,141
_cell081_smoothed_cluster_boundaries.png,_S04_18_umap_annotation_col.png,umap,snRNAseq_Preprocessing-QualityControl-Annotation_EarlyGastrula-Stage11-MO_Xtrop_descriptive_section_paths.ipynb,4,142
_cell084_umap_1.png,_S04_19_umap_region_annotation.png,umap,snRNAseq_Preprocessing-QualityControl-Annotation_EarlyGastrula-Stage11-MO_Xtrop_descriptive_section_paths.ipynb,4,147
_cell115_umap_1.png,_S06_01_umap_region_annotation.png,umap,snRNAseq_Preprocessing-QualityControl-Annotation_EarlyGastrula-Stage11-MO_Xtrop_descriptive_section_paths.ipynb,6,156
_cell008_violin_1.png,_S01_01_violin_sample_n_genes_by_counts_total_counts_pct_counts_mt_pct_counts_ribo.png,violin,snRNAseq_Preprocessing-QualityControl-Annotation_EarlyGastrula-Stage11-WT_Xtrop_descriptive_section_paths.ipynb,1,17
_cell017_doubletprediction.png,_S01_02_violin_doublet_info_n_genes_by_counts.png,violin,snRNAseq_Preprocessing-QualityControl-Annotation_EarlyGastrula-Stage11-WT_Xtrop_descriptive_section_paths.ipynb,1,31
_cell019_highly_variable_genes_1.png,_S01_03_highly_variable_genes.png,highly_variable_genes,snRNAseq_Preprocessing-QualityControl-Annotation_EarlyGastrula-Stage11-WT_Xtrop_descriptive_section_paths.ipynb,1,37
_cell024_pca_1.png,_S02_01_pca_sample.png,pca,snRNAseq_Preprocessing-QualityControl-Annotation_EarlyGastrula-Stage11-WT_Xtrop_descriptive_section_paths.ipynb,2,48
_cell025_pca_variance_ratio_1.png,_S02_02_pca_variance_ratio.png,pca_variance_ratio,snRNAseq_Preprocessing-QualityControl-Annotation_EarlyGastrula-Stage11-WT_Xtrop_descriptive_section_paths.ipynb,2,50
_cell026_pca_loadings_1.png,_S02_03_pca_loadings.png,pca_loadings,snRNAseq_Preprocessing-QualityControl-Annotation_EarlyGastrula-Stage11-WT_Xtrop_descriptive_section_paths.ipynb,2,52
_cell028_tsne_1.png,_S02_04_tsne.png,tsne,snRNAseq_Preprocessing-QualityControl-Annotation_EarlyGastrula-Stage11-WT_Xtrop_descriptive_section_paths.ipynb,2,57
_cell030_tsne_1.png,_S02_05_tsne.png,tsne,snRNAseq_Preprocessing-QualityControl-Annotation_EarlyGastrula-Stage11-WT_Xtrop_descriptive_section_paths.ipynb,2,60
_cell031_umap_1.png,_S02_06_umap.png,umap,snRNAseq_Preprocessing-QualityControl-Annotation_EarlyGastrula-Stage11-WT_Xtrop_descriptive_section_paths.ipynb,2,63
_cell032_umap_1.png,_S02_07_umap.png,umap,snRNAseq_Preprocessing-QualityControl-Annotation_EarlyGastrula-Stage11-WT_Xtrop_descriptive_section_paths.ipynb,2,64
_cell033_umap_1.png,_S02_08_umap.png,umap,snRNAseq_Preprocessing-QualityControl-Annotation_EarlyGastrula-Stage11-WT_Xtrop_descriptive_section_paths.ipynb,2,65
_cell034_umap_1.png,_S02_09_umap.png,umap,snRNAseq_Preprocessing-QualityControl-Annotation_EarlyGastrula-Stage11-WT_Xtrop_descriptive_section_paths.ipynb,2,66
_cell035_umap_1.png,_S02_10_umap.png,umap,snRNAseq_Preprocessing-QualityControl-Annotation_EarlyGastrula-Stage11-WT_Xtrop_descriptive_section_paths.ipynb,2,67
_cell037_umap_1.png,_S03_01_umap_marker_panel.png,umap,snRNAseq_Preprocessing-QualityControl-Annotation_EarlyGastrula-Stage11-WT_Xtrop_descriptive_section_paths.ipynb,3,71
_cell038_umap_1.png,_S03_02_umap_marker_panel.png,umap,snRNAseq_Preprocessing-QualityControl-Annotation_EarlyGastrula-Stage11-WT_Xtrop_descriptive_section_paths.ipynb,3,72
_cell039_umap_1.png,_S03_03_umap_marker_panel.png,umap,snRNAseq_Preprocessing-QualityControl-Annotation_EarlyGastrula-Stage11-WT_Xtrop_descriptive_section_paths.ipynb,3,73
_cell040_umap_1.png,_S03_04_umap_marker_panel.png,umap,snRNAseq_Preprocessing-QualityControl-Annotation_EarlyGastrula-Stage11-WT_Xtrop_descriptive_section_paths.ipynb,3,74
_cell041_umap_1.png,_S03_05_umap_doublet_info_total_counts.png,umap,snRNAseq_Preprocessing-QualityControl-Annotation_EarlyGastrula-Stage11-WT_Xtrop_descriptive_section_paths.ipynb,3,76
_cell043_umap_1.png,_S03_06_umap_doublet_info.png,umap,snRNAseq_Preprocessing-QualityControl-Annotation_EarlyGastrula-Stage11-WT_Xtrop_descriptive_section_paths.ipynb,3,79
_cell042_umap_1.png,_S03_07_umap.png,umap,snRNAseq_Preprocessing-QualityControl-Annotation_EarlyGastrula-Stage11-WT_Xtrop_descriptive_section_paths.ipynb,3,81
_cell047_umap_1.png,_S04_01_umap_leiden_0_05_leiden_0_1_leiden_0_3_leiden_0_8.png,umap,snRNAseq_Preprocessing-QualityControl-Annotation_EarlyGastrula-Stage11-WT_Xtrop_descriptive_section_paths.ipynb,4,88
_cell048_umap_1.png,_S04_02_umap_leiden_10_0.png,umap,snRNAseq_Preprocessing-QualityControl-Annotation_EarlyGastrula-Stage11-WT_Xtrop_descriptive_section_paths.ipynb,4,89
_cell050_umap_1.png,_S04_03_umap.png,umap,snRNAseq_Preprocessing-QualityControl-Annotation_EarlyGastrula-Stage11-WT_Xtrop_descriptive_section_paths.ipynb,4,93
_cell051_umap_1.png,_S04_04_umap_marker_panel.png,umap,snRNAseq_Preprocessing-QualityControl-Annotation_EarlyGastrula-Stage11-WT_Xtrop_descriptive_section_paths.ipynb,4,95
_cell057_umap_neighbor_labels.png,_S04_05_umap_annotation_col.png,umap,snRNAseq_Preprocessing-QualityControl-Annotation_EarlyGastrula-Stage11-WT_Xtrop_descriptive_section_paths.ipynb,4,104
_cell058_smoothed_cluster_boundaries.png,_S04_06_umap_annotation_col.png,umap,snRNAseq_Preprocessing-QualityControl-Annotation_EarlyGastrula-Stage11-WT_Xtrop_descriptive_section_paths.ipynb,4,105
_cell060_umap_1.png,_S04_07_umap_region_annotation.png,umap,snRNAseq_Preprocessing-QualityControl-Annotation_EarlyGastrula-Stage11-WT_Xtrop_descriptive_section_paths.ipynb,4,108
_cell061_umap_1.png,_S04_08_umap_leiden_0_1.png,umap,snRNAseq_Preprocessing-QualityControl-Annotation_EarlyGastrula-Stage11-WT_Xtrop_descriptive_section_paths.ipynb,4,109
_cell063_umap_1.png,_S04_09_umap.png,umap,snRNAseq_Preprocessing-QualityControl-Annotation_EarlyGastrula-Stage11-WT_Xtrop_descriptive_section_paths.ipynb,4,113
_cell064_umap_1.png,_S04_10_umap_marker_panel.png,umap,snRNAseq_Preprocessing-QualityControl-Annotation_EarlyGastrula-Stage11-WT_Xtrop_descriptive_section_paths.ipynb,4,115
_cell068_umap_neighbor_labels.png,_S04_11_umap_annotation_col.png,umap,snRNAseq_Preprocessing-QualityControl-Annotation_EarlyGastrula-Stage11-WT_Xtrop_descriptive_section_paths.ipynb,4,122
_cell069_smoothed_cluster_boundaries.png,_S04_12_umap_annotation_col.png,umap,snRNAseq_Preprocessing-QualityControl-Annotation_EarlyGastrula-Stage11-WT_Xtrop_descriptive_section_paths.ipynb,4,123
_cell071_umap_1.png,_S04_13_umap_region_annotation.png,umap,snRNAseq_Preprocessing-QualityControl-Annotation_EarlyGastrula-Stage11-WT_Xtrop_descriptive_section_paths.ipynb,4,126
_cell072_umap_1.png,_S04_14_umap_leiden_0_1.png,umap,snRNAseq_Preprocessing-QualityControl-Annotation_EarlyGastrula-Stage11-WT_Xtrop_descriptive_section_paths.ipynb,4,127
_cell074_umap_1.png,_S04_15_umap.png,umap,snRNAseq_Preprocessing-QualityControl-Annotation_EarlyGastrula-Stage11-WT_Xtrop_descriptive_section_paths.ipynb,4,131
_cell075_umap_1.png,_S04_16_umap_marker_panel.png,umap,snRNAseq_Preprocessing-QualityControl-Annotation_EarlyGastrula-Stage11-WT_Xtrop_descriptive_section_paths.ipynb,4,133
_cell080_umap_neighbor_labels.png,_S04_17_umap_annotation_col.png,umap,snRNAseq_Preprocessing-QualityControl-Annotation_EarlyGastrula-Stage11-WT_Xtrop_descriptive_section_paths.ipynb,4,141
_cell081_smoothed_cluster_boundaries.png,_S04_18_umap_annotation_col.png,umap,snRNAseq_Preprocessing-QualityControl-Annotation_EarlyGastrula-Stage11-WT_Xtrop_descriptive_section_paths.ipynb,4,142
_cell084_umap_1.png,_S04_19_umap_region_annotation.png,umap,snRNAseq_Preprocessing-QualityControl-Annotation_EarlyGastrula-Stage11-WT_Xtrop_descriptive_section_paths.ipynb,4,147
_cell115_umap_1.png,_S06_01_umap_region_annotation.png,umap,snRNAseq_Preprocessing-QualityControl-Annotation_EarlyGastrula-Stage11-WT_Xtrop_descriptive_section_paths.ipynb,6,156
_cell008_violin_1.png,_S01_01_violin_sample_n_genes_by_counts_total_counts_pct_counts_mt_pct_counts_ribo.png,violin,snRNAseq_Preprocessing-QualityControl-Annotation_EarlyGastrula-Stage12_5-WT_Xtrop_descriptive_section_paths.ipynb,1,17
_cell017_doubletprediction.png,_S01_02_violin_doublet_info_n_genes_by_counts.png,violin,snRNAseq_Preprocessing-QualityControl-Annotation_EarlyGastrula-Stage12_5-WT_Xtrop_descriptive_section_paths.ipynb,1,31
_cell019_highly_variable_genes_1.png,_S01_03_highly_variable_genes.png,highly_variable_genes,snRNAseq_Preprocessing-QualityControl-Annotation_EarlyGastrula-Stage12_5-WT_Xtrop_descriptive_section_paths.ipynb,1,37
_cell024_pca_1.png,_S02_01_pca_sample.png,pca,snRNAseq_Preprocessing-QualityControl-Annotation_EarlyGastrula-Stage12_5-WT_Xtrop_descriptive_section_paths.ipynb,2,48
_cell025_pca_variance_ratio_1.png,_S02_02_pca_variance_ratio.png,pca_variance_ratio,snRNAseq_Preprocessing-QualityControl-Annotation_EarlyGastrula-Stage12_5-WT_Xtrop_descriptive_section_paths.ipynb,2,50
_cell026_pca_loadings_1.png,_S02_03_pca_loadings.png,pca_loadings,snRNAseq_Preprocessing-QualityControl-Annotation_EarlyGastrula-Stage12_5-WT_Xtrop_descriptive_section_paths.ipynb,2,52
_cell028_tsne_1.png,_S02_04_tsne.png,tsne,snRNAseq_Preprocessing-QualityControl-Annotation_EarlyGastrula-Stage12_5-WT_Xtrop_descriptive_section_paths.ipynb,2,57
_cell030_tsne_1.png,_S02_05_tsne.png,tsne,snRNAseq_Preprocessing-QualityControl-Annotation_EarlyGastrula-Stage12_5-WT_Xtrop_descriptive_section_paths.ipynb,2,60
_cell031_umap_1.png,_S02_06_umap.png,umap,snRNAseq_Preprocessing-QualityControl-Annotation_EarlyGastrula-Stage12_5-WT_Xtrop_descriptive_section_paths.ipynb,2,63
_cell033_umap_1.png,_S02_07_umap.png,umap,snRNAseq_Preprocessing-QualityControl-Annotation_EarlyGastrula-Stage12_5-WT_Xtrop_descriptive_section_paths.ipynb,2,64
_cell034_umap_1.png,_S02_08_umap.png,umap,snRNAseq_Preprocessing-QualityControl-Annotation_EarlyGastrula-Stage12_5-WT_Xtrop_descriptive_section_paths.ipynb,2,65
_cell032_umap_1.png,_S02_09_umap.png,umap,snRNAseq_Preprocessing-QualityControl-Annotation_EarlyGastrula-Stage12_5-WT_Xtrop_descriptive_section_paths.ipynb,2,66
_cell035_umap_1.png,_S02_10_umap.png,umap,snRNAseq_Preprocessing-QualityControl-Annotation_EarlyGastrula-Stage12_5-WT_Xtrop_descriptive_section_paths.ipynb,2,67
_cell037_umap_1.png,_S03_01_umap_marker_panel.png,umap,snRNAseq_Preprocessing-QualityControl-Annotation_EarlyGastrula-Stage12_5-WT_Xtrop_descriptive_section_paths.ipynb,3,71
_cell038_umap_1.png,_S03_02_umap_marker_panel.png,umap,snRNAseq_Preprocessing-QualityControl-Annotation_EarlyGastrula-Stage12_5-WT_Xtrop_descriptive_section_paths.ipynb,3,72
_cell039_umap_1.png,_S03_03_umap_marker_panel.png,umap,snRNAseq_Preprocessing-QualityControl-Annotation_EarlyGastrula-Stage12_5-WT_Xtrop_descriptive_section_paths.ipynb,3,73
_cell040_umap_1.png,_S03_04_umap_marker_panel.png,umap,snRNAseq_Preprocessing-QualityControl-Annotation_EarlyGastrula-Stage12_5-WT_Xtrop_descriptive_section_paths.ipynb,3,74
_cell041_umap_1.png,_S03_05_umap_doublet_info_total_counts.png,umap,snRNAseq_Preprocessing-QualityControl-Annotation_EarlyGastrula-Stage12_5-WT_Xtrop_descriptive_section_paths.ipynb,3,76
_cell043_umap_1.png,_S03_06_umap_doublet_info.png,umap,snRNAseq_Preprocessing-QualityControl-Annotation_EarlyGastrula-Stage12_5-WT_Xtrop_descriptive_section_paths.ipynb,3,79
_cell042_umap_1.png,_S03_07_umap.png,umap,snRNAseq_Preprocessing-QualityControl-Annotation_EarlyGastrula-Stage12_5-WT_Xtrop_descriptive_section_paths.ipynb,3,85
_cell047_umap_1.png,_S04_01_umap_leiden_0_05_leiden_0_1_leiden_0_3_leiden_0_8.png,umap,snRNAseq_Preprocessing-QualityControl-Annotation_EarlyGastrula-Stage12_5-WT_Xtrop_descriptive_section_paths.ipynb,4,92
_cell048_umap_1.png,_S04_02_umap_chrd_cox1_foxj1_tp73.png,umap,snRNAseq_Preprocessing-QualityControl-Annotation_EarlyGastrula-Stage12_5-WT_Xtrop_descriptive_section_paths.ipynb,4,93
_cell050_umap_1.png,_S04_03_umap.png,umap,snRNAseq_Preprocessing-QualityControl-Annotation_EarlyGastrula-Stage12_5-WT_Xtrop_descriptive_section_paths.ipynb,4,97
_cell051_umap_1.png,_S04_04_umap_marker_panel.png,umap,snRNAseq_Preprocessing-QualityControl-Annotation_EarlyGastrula-Stage12_5-WT_Xtrop_descriptive_section_paths.ipynb,4,99
_cell057_umap_neighbor_labels.png,_S04_05_umap_annotation_col.png,umap,snRNAseq_Preprocessing-QualityControl-Annotation_EarlyGastrula-Stage12_5-WT_Xtrop_descriptive_section_paths.ipynb,4,112
_cell060_umap_1.png,_S04_06_umap_region_annotation.png,umap,snRNAseq_Preprocessing-QualityControl-Annotation_EarlyGastrula-Stage12_5-WT_Xtrop_descriptive_section_paths.ipynb,4,115
_cell061_umap_1.png,_S04_07_umap_leiden_0_05.png,umap,snRNAseq_Preprocessing-QualityControl-Annotation_EarlyGastrula-Stage12_5-WT_Xtrop_descriptive_section_paths.ipynb,4,116
_cell074_umap_1.png,_S04_08_umap.png,umap,snRNAseq_Preprocessing-QualityControl-Annotation_EarlyGastrula-Stage12_5-WT_Xtrop_descriptive_section_paths.ipynb,4,120
_cell075_umap_1.png,_S04_09_umap_marker_panel.png,umap,snRNAseq_Preprocessing-QualityControl-Annotation_EarlyGastrula-Stage12_5-WT_Xtrop_descriptive_section_paths.ipynb,4,122
_cell080_umap_neighbor_labels.png,_S04_10_umap_annotation_col.png,umap,snRNAseq_Preprocessing-QualityControl-Annotation_EarlyGastrula-Stage12_5-WT_Xtrop_descriptive_section_paths.ipynb,4,138
_cell081_smoothed_cluster_boundaries.png,_S04_11_umap_annotation_col.png,umap,snRNAseq_Preprocessing-QualityControl-Annotation_EarlyGastrula-Stage12_5-WT_Xtrop_descriptive_section_paths.ipynb,4,139
_cell084_umap_1.png,_S04_12_umap_region_annotation.png,umap,snRNAseq_Preprocessing-QualityControl-Annotation_EarlyGastrula-Stage12_5-WT_Xtrop_descriptive_section_paths.ipynb,4,144
_cell072_umap_1.png,_S04_13_umap_leiden_0_05.png,umap,snRNAseq_Preprocessing-QualityControl-Annotation_EarlyGastrula-Stage12_5-WT_Xtrop_descriptive_section_paths.ipynb,4,145
_cell075_umap_1.png,_S04_14_umap_marker_panel.png,umap,snRNAseq_Preprocessing-QualityControl-Annotation_EarlyGastrula-Stage12_5-WT_Xtrop_descriptive_section_paths.ipynb,4,147
_cell074_umap_1.png,_S04_15_umap.png,umap,snRNAseq_Preprocessing-QualityControl-Annotation_EarlyGastrula-Stage12_5-WT_Xtrop_descriptive_section_paths.ipynb,4,148
_adata4_umap_neighbor_labels.png,_S04_16_umap_annotation_col.png,umap,snRNAseq_Preprocessing-QualityControl-Annotation_EarlyGastrula-Stage12_5-WT_Xtrop_descriptive_section_paths.ipynb,4,158
_cell084_umap_1.png,_S04_17_umap_region_annotation.png,umap,snRNAseq_Preprocessing-QualityControl-Annotation_EarlyGastrula-Stage12_5-WT_Xtrop_descriptive_section_paths.ipynb,4,161
_cell072_umap_1.png,_S04_18_umap_leiden_0_1.png,umap,snRNAseq_Preprocessing-QualityControl-Annotation_EarlyGastrula-Stage12_5-WT_Xtrop_descriptive_section_paths.ipynb,4,162
_cell084_umap_1.png,_S04_19_umap_region_annotation.png,umap,snRNAseq_Preprocessing-QualityControl-Annotation_EarlyGastrula-Stage12_5-WT_Xtrop_descriptive_section_paths.ipynb,4,164
_cell115_umap_1.png,_S06_01_umap_region_annotation.png,umap,snRNAseq_Preprocessing-QualityControl-Annotation_EarlyGastrula-Stage12_5-WT_Xtrop_descriptive_section_paths.ipynb,6,171
_cell008_violin_1.png,_S01_01_violin_sample_n_genes_by_counts_total_counts_pct_counts_mt_pct_counts_ribo.png,violin,snRNAseq_Preprocessing-QualityControl-Annotation_EarlyGastrula-Stage12-MO_Xtrop_descriptive_section_paths.ipynb,1,17
_cell017_doubletprediction.png,_S01_02_violin_doublet_info_n_genes_by_counts.png,violin,snRNAseq_Preprocessing-QualityControl-Annotation_EarlyGastrula-Stage12-MO_Xtrop_descriptive_section_paths.ipynb,1,31
_cell019_highly_variable_genes_1.png,_S01_03_highly_variable_genes.png,highly_variable_genes,snRNAseq_Preprocessing-QualityControl-Annotation_EarlyGastrula-Stage12-MO_Xtrop_descriptive_section_paths.ipynb,1,37
_cell024_pca_1.png,_S02_01_pca_sample.png,pca,snRNAseq_Preprocessing-QualityControl-Annotation_EarlyGastrula-Stage12-MO_Xtrop_descriptive_section_paths.ipynb,2,48
_cell025_pca_variance_ratio_1.png,_S02_02_pca_variance_ratio.png,pca_variance_ratio,snRNAseq_Preprocessing-QualityControl-Annotation_EarlyGastrula-Stage12-MO_Xtrop_descriptive_section_paths.ipynb,2,50
_cell026_pca_loadings_1.png,_S02_03_pca_loadings.png,pca_loadings,snRNAseq_Preprocessing-QualityControl-Annotation_EarlyGastrula-Stage12-MO_Xtrop_descriptive_section_paths.ipynb,2,52
_cell028_tsne_1.png,_S02_04_tsne.png,tsne,snRNAseq_Preprocessing-QualityControl-Annotation_EarlyGastrula-Stage12-MO_Xtrop_descriptive_section_paths.ipynb,2,57
_cell030_tsne_1.png,_S02_05_tsne.png,tsne,snRNAseq_Preprocessing-QualityControl-Annotation_EarlyGastrula-Stage12-MO_Xtrop_descriptive_section_paths.ipynb,2,60
_cell031_umap_1.png,_S02_06_umap.png,umap,snRNAseq_Preprocessing-QualityControl-Annotation_EarlyGastrula-Stage12-MO_Xtrop_descriptive_section_paths.ipynb,2,63
_cell032_umap_1.png,_S02_07_umap.png,umap,snRNAseq_Preprocessing-QualityControl-Annotation_EarlyGastrula-Stage12-MO_Xtrop_descriptive_section_paths.ipynb,2,64
_cell033_umap_1.png,_S02_08_umap.png,umap,snRNAseq_Preprocessing-QualityControl-Annotation_EarlyGastrula-Stage12-MO_Xtrop_descriptive_section_paths.ipynb,2,65
_cell034_umap_1.png,_S02_09_umap.png,umap,snRNAseq_Preprocessing-QualityControl-Annotation_EarlyGastrula-Stage12-MO_Xtrop_descriptive_section_paths.ipynb,2,66
_cell035_umap_1.png,_S02_10_umap.png,umap,snRNAseq_Preprocessing-QualityControl-Annotation_EarlyGastrula-Stage12-MO_Xtrop_descriptive_section_paths.ipynb,2,67
_cell037_umap_1.png,_S03_01_umap_marker_panel.png,umap,snRNAseq_Preprocessing-QualityControl-Annotation_EarlyGastrula-Stage12-MO_Xtrop_descriptive_section_paths.ipynb,3,71
_cell038_umap_1.png,_S03_02_umap_marker_panel.png,umap,snRNAseq_Preprocessing-QualityControl-Annotation_EarlyGastrula-Stage12-MO_Xtrop_descriptive_section_paths.ipynb,3,72
_cell039_umap_1.png,_S03_03_umap_marker_panel.png,umap,snRNAseq_Preprocessing-QualityControl-Annotation_EarlyGastrula-Stage12-MO_Xtrop_descriptive_section_paths.ipynb,3,73
_cell040_umap_1.png,_S03_04_umap_marker_panel.png,umap,snRNAseq_Preprocessing-QualityControl-Annotation_EarlyGastrula-Stage12-MO_Xtrop_descriptive_section_paths.ipynb,3,74
_cell041_umap_1.png,_S03_05_umap_doublet_info_total_counts.png,umap,snRNAseq_Preprocessing-QualityControl-Annotation_EarlyGastrula-Stage12-MO_Xtrop_descriptive_section_paths.ipynb,3,76
_cell043_umap_1.png,_S03_06_umap_doublet_info.png,umap,snRNAseq_Preprocessing-QualityControl-Annotation_EarlyGastrula-Stage12-MO_Xtrop_descriptive_section_paths.ipynb,3,79
_cell042_umap_1.png,_S03_07_umap.png,umap,snRNAseq_Preprocessing-QualityControl-Annotation_EarlyGastrula-Stage12-MO_Xtrop_descriptive_section_paths.ipynb,3,85
_cell047_umap_1.png,_S04_01_umap_leiden_0_05_leiden_0_1_leiden_0_3_leiden_0_8.png,umap,snRNAseq_Preprocessing-QualityControl-Annotation_EarlyGastrula-Stage12-MO_Xtrop_descriptive_section_paths.ipynb,4,92
_cell048_umap_1.png,_S04_02_umap_ttc30a_chrd_1_cox1_foxj1.png,umap,snRNAseq_Preprocessing-QualityControl-Annotation_EarlyGastrula-Stage12-MO_Xtrop_descriptive_section_paths.ipynb,4,93
_cell050_umap_1.png,_S04_03_umap.png,umap,snRNAseq_Preprocessing-QualityControl-Annotation_EarlyGastrula-Stage12-MO_Xtrop_descriptive_section_paths.ipynb,4,97
_cell051_umap_1.png,_S04_04_umap_marker_panel.png,umap,snRNAseq_Preprocessing-QualityControl-Annotation_EarlyGastrula-Stage12-MO_Xtrop_descriptive_section_paths.ipynb,4,99
_cell057_umap_neighbor_labels.png,_S04_05_umap_annotation_col.png,umap,snRNAseq_Preprocessing-QualityControl-Annotation_EarlyGastrula-Stage12-MO_Xtrop_descriptive_section_paths.ipynb,4,108
_cell058_smoothed_cluster_boundaries.png,_S04_06_umap_annotation_col.png,umap,snRNAseq_Preprocessing-QualityControl-Annotation_EarlyGastrula-Stage12-MO_Xtrop_descriptive_section_paths.ipynb,4,109
_cell060_umap_1.png,_S04_07_umap_region_annotation.png,umap,snRNAseq_Preprocessing-QualityControl-Annotation_EarlyGastrula-Stage12-MO_Xtrop_descriptive_section_paths.ipynb,4,112
_cell061_umap_1.png,_S04_08_umap_leiden_0_05.png,umap,snRNAseq_Preprocessing-QualityControl-Annotation_EarlyGastrula-Stage12-MO_Xtrop_descriptive_section_paths.ipynb,4,113
_cell063_umap_1.png,_S04_09_umap.png,umap,snRNAseq_Preprocessing-QualityControl-Annotation_EarlyGastrula-Stage12-MO_Xtrop_descriptive_section_paths.ipynb,4,117
_cell064_umap_1.png,_S04_10_umap_marker_panel.png,umap,snRNAseq_Preprocessing-QualityControl-Annotation_EarlyGastrula-Stage12-MO_Xtrop_descriptive_section_paths.ipynb,4,119
_cell068_umap_neighbor_labels.png,_S04_11_umap_annotation_col.png,umap,snRNAseq_Preprocessing-QualityControl-Annotation_EarlyGastrula-Stage12-MO_Xtrop_descriptive_section_paths.ipynb,4,125
_cell069_smoothed_cluster_boundaries.png,_S04_12_umap_annotation_col.png,umap,snRNAseq_Preprocessing-QualityControl-Annotation_EarlyGastrula-Stage12-MO_Xtrop_descriptive_section_paths.ipynb,4,126
_cell071_umap_1.png,_S04_13_umap_region_annotation.png,umap,snRNAseq_Preprocessing-QualityControl-Annotation_EarlyGastrula-Stage12-MO_Xtrop_descriptive_section_paths.ipynb,4,129
_cell072_umap_1.png,_S04_14_umap_leiden_0_05.png,umap,snRNAseq_Preprocessing-QualityControl-Annotation_EarlyGastrula-Stage12-MO_Xtrop_descriptive_section_paths.ipynb,4,130
_cell074_umap_1.png,_S04_15_umap.png,umap,snRNAseq_Preprocessing-QualityControl-Annotation_EarlyGastrula-Stage12-MO_Xtrop_descriptive_section_paths.ipynb,4,134
_cell075_umap_1.png,_S04_16_umap_marker_panel.png,umap,snRNAseq_Preprocessing-QualityControl-Annotation_EarlyGastrula-Stage12-MO_Xtrop_descriptive_section_paths.ipynb,4,136
_cell080_umap_neighbor_labels.png,_S04_17_umap_annotation_col.png,umap,snRNAseq_Preprocessing-QualityControl-Annotation_EarlyGastrula-Stage12-MO_Xtrop_descriptive_section_paths.ipynb,4,147
_cell081_smoothed_cluster_boundaries.png,_S04_18_umap_annotation_col.png,umap,snRNAseq_Preprocessing-QualityControl-Annotation_EarlyGastrula-Stage12-MO_Xtrop_descriptive_section_paths.ipynb,4,148
_cell084_umap_1.png,_S04_19_umap_region_annotation.png,umap,snRNAseq_Preprocessing-QualityControl-Annotation_EarlyGastrula-Stage12-MO_Xtrop_descriptive_section_paths.ipynb,4,153
_cell072_umap_1.png,_S04_20_umap_leiden_0_05.png,umap,snRNAseq_Preprocessing-QualityControl-Annotation_EarlyGastrula-Stage12-MO_Xtrop_descriptive_section_paths.ipynb,4,154
_cell075_umap_1.png,_S04_21_umap_marker_panel.png,umap,snRNAseq_Preprocessing-QualityControl-Annotation_EarlyGastrula-Stage12-MO_Xtrop_descriptive_section_paths.ipynb,4,156
_cell074_umap_1.png,_S04_22_umap.png,umap,snRNAseq_Preprocessing-QualityControl-Annotation_EarlyGastrula-Stage12-MO_Xtrop_descriptive_section_paths.ipynb,4,157
_adata4_umap_neighbor_labels.png,_S04_23_umap_annotation_col.png,umap,snRNAseq_Preprocessing-QualityControl-Annotation_EarlyGastrula-Stage12-MO_Xtrop_descriptive_section_paths.ipynb,4,169
_cell084_umap_1.png,_S04_24_umap_region_annotation.png,umap,snRNAseq_Preprocessing-QualityControl-Annotation_EarlyGastrula-Stage12-MO_Xtrop_descriptive_section_paths.ipynb,4,172
_cell072_umap_1.png,_S04_25_umap_leiden_0_05.png,umap,snRNAseq_Preprocessing-QualityControl-Annotation_EarlyGastrula-Stage12-MO_Xtrop_descriptive_section_paths.ipynb,4,173
_cell075_umap_1.png,_S04_26_umap_marker_panel.png,umap,snRNAseq_Preprocessing-QualityControl-Annotation_EarlyGastrula-Stage12-MO_Xtrop_descriptive_section_paths.ipynb,4,174
_cell115_umap_1.png,_S06_01_umap_region_annotation.png,umap,snRNAseq_Preprocessing-QualityControl-Annotation_EarlyGastrula-Stage12-MO_Xtrop_descriptive_section_paths.ipynb,6,181
_cell008_violin_1.png,_S01_01_violin_sample_n_genes_by_counts_total_counts_pct_counts_mt_pct_counts_ribo.png,violin,snRNAseq_Preprocessing-QualityControl-Annotation_EarlyGastrula-Stage12-WT_Xtrop_descriptive_section_paths.ipynb,1,17
_cell017_doubletprediction.png,_S01_02_violin_doublet_info_n_genes_by_counts.png,violin,snRNAseq_Preprocessing-QualityControl-Annotation_EarlyGastrula-Stage12-WT_Xtrop_descriptive_section_paths.ipynb,1,31
_cell019_highly_variable_genes_1.png,_S01_03_highly_variable_genes.png,highly_variable_genes,snRNAseq_Preprocessing-QualityControl-Annotation_EarlyGastrula-Stage12-WT_Xtrop_descriptive_section_paths.ipynb,1,37
_cell024_pca_1.png,_S02_01_pca_sample.png,pca,snRNAseq_Preprocessing-QualityControl-Annotation_EarlyGastrula-Stage12-WT_Xtrop_descriptive_section_paths.ipynb,2,48
_cell025_pca_variance_ratio_1.png,_S02_02_pca_variance_ratio.png,pca_variance_ratio,snRNAseq_Preprocessing-QualityControl-Annotation_EarlyGastrula-Stage12-WT_Xtrop_descriptive_section_paths.ipynb,2,50
_cell026_pca_loadings_1.png,_S02_03_pca_loadings.png,pca_loadings,snRNAseq_Preprocessing-QualityControl-Annotation_EarlyGastrula-Stage12-WT_Xtrop_descriptive_section_paths.ipynb,2,52
_cell028_tsne_1.png,_S02_04_tsne.png,tsne,snRNAseq_Preprocessing-QualityControl-Annotation_EarlyGastrula-Stage12-WT_Xtrop_descriptive_section_paths.ipynb,2,57
_cell030_tsne_1.png,_S02_05_tsne.png,tsne,snRNAseq_Preprocessing-QualityControl-Annotation_EarlyGastrula-Stage12-WT_Xtrop_descriptive_section_paths.ipynb,2,60
_cell031_umap_1.png,_S02_06_umap.png,umap,snRNAseq_Preprocessing-QualityControl-Annotation_EarlyGastrula-Stage12-WT_Xtrop_descriptive_section_paths.ipynb,2,63
_cell032_umap_1.png,_S02_07_umap.png,umap,snRNAseq_Preprocessing-QualityControl-Annotation_EarlyGastrula-Stage12-WT_Xtrop_descriptive_section_paths.ipynb,2,64
_cell033_umap_1.png,_S02_08_umap.png,umap,snRNAseq_Preprocessing-QualityControl-Annotation_EarlyGastrula-Stage12-WT_Xtrop_descriptive_section_paths.ipynb,2,65
_cell034_umap_1.png,_S02_09_umap.png,umap,snRNAseq_Preprocessing-QualityControl-Annotation_EarlyGastrula-Stage12-WT_Xtrop_descriptive_section_paths.ipynb,2,66
_cell035_umap_1.png,_S02_10_umap.png,umap,snRNAseq_Preprocessing-QualityControl-Annotation_EarlyGastrula-Stage12-WT_Xtrop_descriptive_section_paths.ipynb,2,67
_cell037_umap_1.png,_S03_01_umap_marker_panel.png,umap,snRNAseq_Preprocessing-QualityControl-Annotation_EarlyGastrula-Stage12-WT_Xtrop_descriptive_section_paths.ipynb,3,71
_cell038_umap_1.png,_S03_02_umap_marker_panel.png,umap,snRNAseq_Preprocessing-QualityControl-Annotation_EarlyGastrula-Stage12-WT_Xtrop_descriptive_section_paths.ipynb,3,72
_cell039_umap_1.png,_S03_03_umap_marker_panel.png,umap,snRNAseq_Preprocessing-QualityControl-Annotation_EarlyGastrula-Stage12-WT_Xtrop_descriptive_section_paths.ipynb,3,73
_cell040_umap_1.png,_S03_04_umap_marker_panel.png,umap,snRNAseq_Preprocessing-QualityControl-Annotation_EarlyGastrula-Stage12-WT_Xtrop_descriptive_section_paths.ipynb,3,74
_cell041_umap_1.png,_S03_05_umap_doublet_info_total_counts.png,umap,snRNAseq_Preprocessing-QualityControl-Annotation_EarlyGastrula-Stage12-WT_Xtrop_descriptive_section_paths.ipynb,3,76
_cell043_umap_1.png,_S03_06_umap_doublet_info.png,umap,snRNAseq_Preprocessing-QualityControl-Annotation_EarlyGastrula-Stage12-WT_Xtrop_descriptive_section_paths.ipynb,3,79
_cell042_umap_1.png,_S03_07_umap.png,umap,snRNAseq_Preprocessing-QualityControl-Annotation_EarlyGastrula-Stage12-WT_Xtrop_descriptive_section_paths.ipynb,3,85
_cell047_umap_1.png,_S04_01_umap_leiden_0_05_leiden_0_1_leiden_0_3_leiden_0_8.png,umap,snRNAseq_Preprocessing-QualityControl-Annotation_EarlyGastrula-Stage12-WT_Xtrop_descriptive_section_paths.ipynb,4,92
_cell048_umap_1.png,_S04_02_umap_ttc30a_chrd_1_cox1_foxj1.png,umap,snRNAseq_Preprocessing-QualityControl-Annotation_EarlyGastrula-Stage12-WT_Xtrop_descriptive_section_paths.ipynb,4,93
_cell050_umap_1.png,_S04_03_umap.png,umap,snRNAseq_Preprocessing-QualityControl-Annotation_EarlyGastrula-Stage12-WT_Xtrop_descriptive_section_paths.ipynb,4,97
_cell051_umap_1.png,_S04_04_umap_marker_panel.png,umap,snRNAseq_Preprocessing-QualityControl-Annotation_EarlyGastrula-Stage12-WT_Xtrop_descriptive_section_paths.ipynb,4,99
_cell057_umap_neighbor_labels.png,_S04_05_umap_annotation_col.png,umap,snRNAseq_Preprocessing-QualityControl-Annotation_EarlyGastrula-Stage12-WT_Xtrop_descriptive_section_paths.ipynb,4,109
_cell058_smoothed_cluster_boundaries.png,_S04_06_umap_annotation_col.png,umap,snRNAseq_Preprocessing-QualityControl-Annotation_EarlyGastrula-Stage12-WT_Xtrop_descriptive_section_paths.ipynb,4,110
_cell060_umap_1.png,_S04_07_umap_region_annotation.png,umap,snRNAseq_Preprocessing-QualityControl-Annotation_EarlyGastrula-Stage12-WT_Xtrop_descriptive_section_paths.ipynb,4,113
_cell061_umap_1.png,_S04_08_umap_leiden_0_05.png,umap,snRNAseq_Preprocessing-QualityControl-Annotation_EarlyGastrula-Stage12-WT_Xtrop_descriptive_section_paths.ipynb,4,114
_cell063_umap_1.png,_S04_09_umap.png,umap,snRNAseq_Preprocessing-QualityControl-Annotation_EarlyGastrula-Stage12-WT_Xtrop_descriptive_section_paths.ipynb,4,118
_cell064_umap_1.png,_S04_10_umap_marker_panel.png,umap,snRNAseq_Preprocessing-QualityControl-Annotation_EarlyGastrula-Stage12-WT_Xtrop_descriptive_section_paths.ipynb,4,120
_cell068_umap_neighbor_labels.png,_S04_11_umap_annotation_col.png,umap,snRNAseq_Preprocessing-QualityControl-Annotation_EarlyGastrula-Stage12-WT_Xtrop_descriptive_section_paths.ipynb,4,126
_cell069_smoothed_cluster_boundaries.png,_S04_12_umap_annotation_col.png,umap,snRNAseq_Preprocessing-QualityControl-Annotation_EarlyGastrula-Stage12-WT_Xtrop_descriptive_section_paths.ipynb,4,127
_cell071_umap_1.png,_S04_13_umap_region_annotation.png,umap,snRNAseq_Preprocessing-QualityControl-Annotation_EarlyGastrula-Stage12-WT_Xtrop_descriptive_section_paths.ipynb,4,130
_cell072_umap_1.png,_S04_14_umap_leiden_0_1.png,umap,snRNAseq_Preprocessing-QualityControl-Annotation_EarlyGastrula-Stage12-WT_Xtrop_descriptive_section_paths.ipynb,4,131
_cell074_umap_1.png,_S04_15_umap.png,umap,snRNAseq_Preprocessing-QualityControl-Annotation_EarlyGastrula-Stage12-WT_Xtrop_descriptive_section_paths.ipynb,4,135
_cell075_umap_1.png,_S04_16_umap_marker_panel.png,umap,snRNAseq_Preprocessing-QualityControl-Annotation_EarlyGastrula-Stage12-WT_Xtrop_descriptive_section_paths.ipynb,4,137
_cell080_umap_neighbor_labels.png,_S04_17_umap_annotation_col.png,umap,snRNAseq_Preprocessing-QualityControl-Annotation_EarlyGastrula-Stage12-WT_Xtrop_descriptive_section_paths.ipynb,4,147
_cell081_smoothed_cluster_boundaries.png,_S04_18_umap_annotation_col.png,umap,snRNAseq_Preprocessing-QualityControl-Annotation_EarlyGastrula-Stage12-WT_Xtrop_descriptive_section_paths.ipynb,4,148
_cell084_umap_1.png,_S04_19_umap_region_annotation.png,umap,snRNAseq_Preprocessing-QualityControl-Annotation_EarlyGastrula-Stage12-WT_Xtrop_descriptive_section_paths.ipynb,4,153
_cell072_umap_1.png,_S04_20_umap_leiden_0_1.png,umap,snRNAseq_Preprocessing-QualityControl-Annotation_EarlyGastrula-Stage12-WT_Xtrop_descriptive_section_paths.ipynb,4,154
_cell075_umap_1.png,_S04_21_umap_marker_panel.png,umap,snRNAseq_Preprocessing-QualityControl-Annotation_EarlyGastrula-Stage12-WT_Xtrop_descriptive_section_paths.ipynb,4,156
_cell074_umap_1.png,_S04_22_umap.png,umap,snRNAseq_Preprocessing-QualityControl-Annotation_EarlyGastrula-Stage12-WT_Xtrop_descriptive_section_paths.ipynb,4,157
_adata4_umap_neighbor_labels.png,_S04_23_umap_annotation_col.png,umap,snRNAseq_Preprocessing-QualityControl-Annotation_EarlyGastrula-Stage12-WT_Xtrop_descriptive_section_paths.ipynb,4,168
_cell084_umap_1.png,_S04_24_umap_region_annotation.png,umap,snRNAseq_Preprocessing-QualityControl-Annotation_EarlyGastrula-Stage12-WT_Xtrop_descriptive_section_paths.ipynb,4,171
_cell072_umap_1.png,_S04_25_umap_leiden_0_1.png,umap,snRNAseq_Preprocessing-QualityControl-Annotation_EarlyGastrula-Stage12-WT_Xtrop_descriptive_section_paths.ipynb,4,172
_cell075_umap_1.png,_S04_26_umap_marker_panel.png,umap,snRNAseq_Preprocessing-QualityControl-Annotation_EarlyGastrula-Stage12-WT_Xtrop_descriptive_section_paths.ipynb,4,173
_cell084_umap_1.png,_S04_27_umap_region_annotation.png,umap,snRNAseq_Preprocessing-QualityControl-Annotation_EarlyGastrula-Stage12-WT_Xtrop_descriptive_section_paths.ipynb,4,178
_cell084_umap_1.png,_S04_28_umap_region_annotation.png,umap,snRNAseq_Preprocessing-QualityControl-Annotation_EarlyGastrula-Stage12-WT_Xtrop_descriptive_section_paths.ipynb,4,180
_cell115_umap_1.png,_S06_01_umap_region_annotation.png,umap,snRNAseq_Preprocessing-QualityControl-Annotation_EarlyGastrula-Stage12-WT_Xtrop_descriptive_section_paths.ipynb,6,189
_cell008_violin_1.png,_S01_01_violin_sample_n_genes_by_counts_total_counts_pct_counts_mt_pct_counts_ribo.png,violin,snRNAseq_Preprocessing-QualityControl-Annotation_EarlyGastrula-Stage13-WT_Xtrop_descriptive_section_paths.ipynb,1,17
_cell017_doubletprediction.png,_S01_02_violin_doublet_info_n_genes_by_counts.png,violin,snRNAseq_Preprocessing-QualityControl-Annotation_EarlyGastrula-Stage13-WT_Xtrop_descriptive_section_paths.ipynb,1,31
_cell019_highly_variable_genes_1.png,_S01_03_highly_variable_genes.png,highly_variable_genes,snRNAseq_Preprocessing-QualityControl-Annotation_EarlyGastrula-Stage13-WT_Xtrop_descriptive_section_paths.ipynb,1,37
_cell024_pca_1.png,_S02_01_pca_sample.png,pca,snRNAseq_Preprocessing-QualityControl-Annotation_EarlyGastrula-Stage13-WT_Xtrop_descriptive_section_paths.ipynb,2,48
_cell025_pca_variance_ratio_1.png,_S02_02_pca_variance_ratio.png,pca_variance_ratio,snRNAseq_Preprocessing-QualityControl-Annotation_EarlyGastrula-Stage13-WT_Xtrop_descriptive_section_paths.ipynb,2,50
_cell026_pca_loadings_1.png,_S02_03_pca_loadings.png,pca_loadings,snRNAseq_Preprocessing-QualityControl-Annotation_EarlyGastrula-Stage13-WT_Xtrop_descriptive_section_paths.ipynb,2,52
_cell028_tsne_1.png,_S02_04_tsne.png,tsne,snRNAseq_Preprocessing-QualityControl-Annotation_EarlyGastrula-Stage13-WT_Xtrop_descriptive_section_paths.ipynb,2,57
_cell030_tsne_1.png,_S02_05_tsne.png,tsne,snRNAseq_Preprocessing-QualityControl-Annotation_EarlyGastrula-Stage13-WT_Xtrop_descriptive_section_paths.ipynb,2,60
_cell031_umap_1.png,_S02_06_umap.png,umap,snRNAseq_Preprocessing-QualityControl-Annotation_EarlyGastrula-Stage13-WT_Xtrop_descriptive_section_paths.ipynb,2,63
_cell033_umap_1.png,_S02_07_umap.png,umap,snRNAseq_Preprocessing-QualityControl-Annotation_EarlyGastrula-Stage13-WT_Xtrop_descriptive_section_paths.ipynb,2,64
_cell033_umap_1.png,_S02_08_umap.png,umap,snRNAseq_Preprocessing-QualityControl-Annotation_EarlyGastrula-Stage13-WT_Xtrop_descriptive_section_paths.ipynb,2,65
_cell035_umap_1.png,_S02_09_umap.png,umap,snRNAseq_Preprocessing-QualityControl-Annotation_EarlyGastrula-Stage13-WT_Xtrop_descriptive_section_paths.ipynb,2,66
_cell037_umap_1.png,_S03_01_umap_marker_panel.png,umap,snRNAseq_Preprocessing-QualityControl-Annotation_EarlyGastrula-Stage13-WT_Xtrop_descriptive_section_paths.ipynb,3,70
_cell038_umap_1.png,_S03_02_umap_marker_panel.png,umap,snRNAseq_Preprocessing-QualityControl-Annotation_EarlyGastrula-Stage13-WT_Xtrop_descriptive_section_paths.ipynb,3,71
_cell039_umap_1.png,_S03_03_umap_marker_panel.png,umap,snRNAseq_Preprocessing-QualityControl-Annotation_EarlyGastrula-Stage13-WT_Xtrop_descriptive_section_paths.ipynb,3,72
_cell040_umap_1.png,_S03_04_umap_marker_panel.png,umap,snRNAseq_Preprocessing-QualityControl-Annotation_EarlyGastrula-Stage13-WT_Xtrop_descriptive_section_paths.ipynb,3,73
_cell041_umap_1.png,_S03_05_umap_doublet_info_total_counts.png,umap,snRNAseq_Preprocessing-QualityControl-Annotation_EarlyGastrula-Stage13-WT_Xtrop_descriptive_section_paths.ipynb,3,75
_cell043_umap_1.png,_S03_06_umap_doublet_info.png,umap,snRNAseq_Preprocessing-QualityControl-Annotation_EarlyGastrula-Stage13-WT_Xtrop_descriptive_section_paths.ipynb,3,78
_cell042_umap_1.png,_S03_07_umap.png,umap,snRNAseq_Preprocessing-QualityControl-Annotation_EarlyGastrula-Stage13-WT_Xtrop_descriptive_section_paths.ipynb,3,84
_cell047_umap_1.png,_S04_01_umap_leiden_0_05_leiden_0_1_leiden_0_2_leiden_0_8.png,umap,snRNAseq_Preprocessing-QualityControl-Annotation_EarlyGastrula-Stage13-WT_Xtrop_descriptive_section_paths.ipynb,4,91
_cell050_umap_1.png,_S04_02_umap.png,umap,snRNAseq_Preprocessing-QualityControl-Annotation_EarlyGastrula-Stage13-WT_Xtrop_descriptive_section_paths.ipynb,4,95
_cell051_umap_1.png,_S04_03_umap_marker_panel.png,umap,snRNAseq_Preprocessing-QualityControl-Annotation_EarlyGastrula-Stage13-WT_Xtrop_descriptive_section_paths.ipynb,4,97
_cell060_umap_1.png,_S04_04_umap_region_annotation.png,umap,snRNAseq_Preprocessing-QualityControl-Annotation_EarlyGastrula-Stage13-WT_Xtrop_descriptive_section_paths.ipynb,4,118
_cell061_umap_1.png,_S04_05_umap_leiden_0_2.png,umap,snRNAseq_Preprocessing-QualityControl-Annotation_EarlyGastrula-Stage13-WT_Xtrop_descriptive_section_paths.ipynb,4,119
_cell074_umap_1.png,_S04_06_umap.png,umap,snRNAseq_Preprocessing-QualityControl-Annotation_EarlyGastrula-Stage13-WT_Xtrop_descriptive_section_paths.ipynb,4,123
_cell075_umap_1.png,_S04_07_umap_marker_panel.png,umap,snRNAseq_Preprocessing-QualityControl-Annotation_EarlyGastrula-Stage13-WT_Xtrop_descriptive_section_paths.ipynb,4,125
_cell080_umap_neighbor_labels.png,_S04_08_umap_annotation_col.png,umap,snRNAseq_Preprocessing-QualityControl-Annotation_EarlyGastrula-Stage13-WT_Xtrop_descriptive_section_paths.ipynb,4,143
_cell081_smoothed_cluster_boundaries.png,_S04_09_umap_annotation_col.png,umap,snRNAseq_Preprocessing-QualityControl-Annotation_EarlyGastrula-Stage13-WT_Xtrop_descriptive_section_paths.ipynb,4,144
_cell084_umap_1.png,_S04_10_umap_region_annotation.png,umap,snRNAseq_Preprocessing-QualityControl-Annotation_EarlyGastrula-Stage13-WT_Xtrop_descriptive_section_paths.ipynb,4,149
_cell072_umap_1.png,_S04_11_umap_leiden_0_2.png,umap,snRNAseq_Preprocessing-QualityControl-Annotation_EarlyGastrula-Stage13-WT_Xtrop_descriptive_section_paths.ipynb,4,150
_cell075_umap_1.png,_S04_12_umap_marker_panel.png,umap,snRNAseq_Preprocessing-QualityControl-Annotation_EarlyGastrula-Stage13-WT_Xtrop_descriptive_section_paths.ipynb,4,152
_cell074_umap_1.png,_S04_13_umap.png,umap,snRNAseq_Preprocessing-QualityControl-Annotation_EarlyGastrula-Stage13-WT_Xtrop_descriptive_section_paths.ipynb,4,153
_adata4_umap_neighbor_labels.png,_S04_14_umap_annotation_col.png,umap,snRNAseq_Preprocessing-QualityControl-Annotation_EarlyGastrula-Stage13-WT_Xtrop_descriptive_section_paths.ipynb,4,164
_cell084_umap_1.png,_S04_15_umap_region_annotation.png,umap,snRNAseq_Preprocessing-QualityControl-Annotation_EarlyGastrula-Stage13-WT_Xtrop_descriptive_section_paths.ipynb,4,167
_cell072_umap_1.png,_S04_16_umap_leiden_0_1.png,umap,snRNAseq_Preprocessing-QualityControl-Annotation_EarlyGastrula-Stage13-WT_Xtrop_descriptive_section_paths.ipynb,4,168
_cell084_umap_1.png,_S04_17_umap_region_annotation.png,umap,snRNAseq_Preprocessing-QualityControl-Annotation_EarlyGastrula-Stage13-WT_Xtrop_descriptive_section_paths.ipynb,4,170
_cell115_umap_1.png,_S06_01_umap_region_annotation.png,umap,snRNAseq_Preprocessing-QualityControl-Annotation_EarlyGastrula-Stage13-WT_Xtrop_descriptive_section_paths.ipynb,6,177
