notebook,stage,condition,region_annotation,cell_count,percent_of_final_annotated
snRNAseq_Preprocessing-QualityControl-Annotation_EarlyGastrula-Stage10-Xtrop_descriptive_section_paths(1).ipynb,Stage10,WT,Neuroectoderm 2,2551,18.0922
snRNAseq_Preprocessing-QualityControl-Annotation_EarlyGastrula-Stage10-Xtrop_descriptive_section_paths(1).ipynb,Stage10,WT,Epidermis 2,2306,16.3546
snRNAseq_Preprocessing-QualityControl-Annotation_EarlyGastrula-Stage10-Xtrop_descriptive_section_paths(1).ipynb,Stage10,WT,Epidermis1,2170,15.3901
snRNAseq_Preprocessing-QualityControl-Annotation_EarlyGastrula-Stage10-Xtrop_descriptive_section_paths(1).ipynb,Stage10,WT,Dorsal Mesoderm 2,1347,9.5532
snRNAseq_Preprocessing-QualityControl-Annotation_EarlyGastrula-Stage10-Xtrop_descriptive_section_paths(1).ipynb,Stage10,WT,Ventral Mesoderm 2,1276,9.0496
snRNAseq_Preprocessing-QualityControl-Annotation_EarlyGastrula-Stage10-Xtrop_descriptive_section_paths(1).ipynb,Stage10,WT,Neural Plate Border 1,1203,8.5319
snRNAseq_Preprocessing-QualityControl-Annotation_EarlyGastrula-Stage10-Xtrop_descriptive_section_paths(1).ipynb,Stage10,WT,Neuroectoderm 1,860,6.0993
snRNAseq_Preprocessing-QualityControl-Annotation_EarlyGastrula-Stage10-Xtrop_descriptive_section_paths(1).ipynb,Stage10,WT,Unidentified Cluster,842,5.9716
snRNAseq_Preprocessing-QualityControl-Annotation_EarlyGastrula-Stage10-Xtrop_descriptive_section_paths(1).ipynb,Stage10,WT,Dorsal Endoderm 2,522,3.7021
snRNAseq_Preprocessing-QualityControl-Annotation_EarlyGastrula-Stage10-Xtrop_descriptive_section_paths(1).ipynb,Stage10,WT,Ventral Endoderm 2,479,3.3972
snRNAseq_Preprocessing-QualityControl-Annotation_EarlyGastrula-Stage10-Xtrop_descriptive_section_paths(1).ipynb,Stage10,WT,Dorsal Endoderm 1,242,1.7163
snRNAseq_Preprocessing-QualityControl-Annotation_EarlyGastrula-Stage10-Xtrop_descriptive_section_paths(1).ipynb,Stage10,WT,Dorsal Mesoderm 1,164,1.1631
snRNAseq_Preprocessing-QualityControl-Annotation_EarlyGastrula-Stage10-Xtrop_descriptive_section_paths(1).ipynb,Stage10,WT,Ventral Endoderm 1,70,0.4965
snRNAseq_Preprocessing-QualityControl-Annotation_EarlyGastrula-Stage10-Xtrop_descriptive_section_paths(1).ipynb,Stage10,WT,Ventral Mesoderm 1,68,0.4823
snRNAseq_Preprocessing-QualityControl-Annotation_EarlyGastrula-Stage11-MO_Xtrop_descriptive_section_paths.ipynb,Stage11.25,MO,Neural Plate Border 1,1227,20.4671
snRNAseq_Preprocessing-QualityControl-Annotation_EarlyGastrula-Stage11-MO_Xtrop_descriptive_section_paths.ipynb,Stage11.25,MO,Dorsal Mesoderm 2,846,14.1118
snRNAseq_Preprocessing-QualityControl-Annotation_EarlyGastrula-Stage11-MO_Xtrop_descriptive_section_paths.ipynb,Stage11.25,MO,Neuroectoderm 2,733,12.2269
snRNAseq_Preprocessing-QualityControl-Annotation_EarlyGastrula-Stage11-MO_Xtrop_descriptive_section_paths.ipynb,Stage11.25,MO,Neuroectoderm 1,636,10.6088
snRNAseq_Preprocessing-QualityControl-Annotation_EarlyGastrula-Stage11-MO_Xtrop_descriptive_section_paths.ipynb,Stage11.25,MO,Epidermis1,472,7.8732
snRNAseq_Preprocessing-QualityControl-Annotation_EarlyGastrula-Stage11-MO_Xtrop_descriptive_section_paths.ipynb,Stage11.25,MO,Epidermis 2,378,6.3053
snRNAseq_Preprocessing-QualityControl-Annotation_EarlyGastrula-Stage11-MO_Xtrop_descriptive_section_paths.ipynb,Stage11.25,MO,Ventral Mesoderm 2,349,5.8215
snRNAseq_Preprocessing-QualityControl-Annotation_EarlyGastrula-Stage11-MO_Xtrop_descriptive_section_paths.ipynb,Stage11.25,MO,Unidentified Cluster,334,5.5713
snRNAseq_Preprocessing-QualityControl-Annotation_EarlyGastrula-Stage11-MO_Xtrop_descriptive_section_paths.ipynb,Stage11.25,MO,Dorsal Endoderm 2,197,3.2861
snRNAseq_Preprocessing-QualityControl-Annotation_EarlyGastrula-Stage11-MO_Xtrop_descriptive_section_paths.ipynb,Stage11.25,MO,Dorsal Endoderm 1,191,3.186
snRNAseq_Preprocessing-QualityControl-Annotation_EarlyGastrula-Stage11-MO_Xtrop_descriptive_section_paths.ipynb,Stage11.25,MO,Ventral Endoderm 2,162,2.7023
snRNAseq_Preprocessing-QualityControl-Annotation_EarlyGastrula-Stage11-MO_Xtrop_descriptive_section_paths.ipynb,Stage11.25,MO,Ventral Mesoderm 1,151,2.5188
snRNAseq_Preprocessing-QualityControl-Annotation_EarlyGastrula-Stage11-MO_Xtrop_descriptive_section_paths.ipynb,Stage11.25,MO,Cement Gland Primordium,107,1.7848
snRNAseq_Preprocessing-QualityControl-Annotation_EarlyGastrula-Stage11-MO_Xtrop_descriptive_section_paths.ipynb,Stage11.25,MO,Ventral Endoderm 1,102,1.7014
snRNAseq_Preprocessing-QualityControl-Annotation_EarlyGastrula-Stage11-MO_Xtrop_descriptive_section_paths.ipynb,Stage11.25,MO,Dorsal Mesoderm 1,98,1.6347
snRNAseq_Preprocessing-QualityControl-Annotation_EarlyGastrula-Stage11-MO_Xtrop_descriptive_section_paths.ipynb,Stage11.25,MO,Ciliated Epidermal Progenitor,12,0.2002
snRNAseq_Preprocessing-QualityControl-Annotation_EarlyGastrula-Stage11-WT_Xtrop_descriptive_section_paths.ipynb,Stage11.25,WT,Neuroectoderm 2,1205,18.4929
snRNAseq_Preprocessing-QualityControl-Annotation_EarlyGastrula-Stage11-WT_Xtrop_descriptive_section_paths.ipynb,Stage11.25,WT,Epidermis 2,1122,17.2192
snRNAseq_Preprocessing-QualityControl-Annotation_EarlyGastrula-Stage11-WT_Xtrop_descriptive_section_paths.ipynb,Stage11.25,WT,Dorsal Mesoderm 2,955,14.6562
snRNAseq_Preprocessing-QualityControl-Annotation_EarlyGastrula-Stage11-WT_Xtrop_descriptive_section_paths.ipynb,Stage11.25,WT,Epidermis1,698,10.7121
snRNAseq_Preprocessing-QualityControl-Annotation_EarlyGastrula-Stage11-WT_Xtrop_descriptive_section_paths.ipynb,Stage11.25,WT,Neural Plate Border 1,571,8.763
snRNAseq_Preprocessing-QualityControl-Annotation_EarlyGastrula-Stage11-WT_Xtrop_descriptive_section_paths.ipynb,Stage11.25,WT,Neuroectoderm 1,450,6.9061
snRNAseq_Preprocessing-QualityControl-Annotation_EarlyGastrula-Stage11-WT_Xtrop_descriptive_section_paths.ipynb,Stage11.25,WT,Unidentified Cluster,450,6.9061
snRNAseq_Preprocessing-QualityControl-Annotation_EarlyGastrula-Stage11-WT_Xtrop_descriptive_section_paths.ipynb,Stage11.25,WT,Ventral Mesoderm 2,356,5.4635
snRNAseq_Preprocessing-QualityControl-Annotation_EarlyGastrula-Stage11-WT_Xtrop_descriptive_section_paths.ipynb,Stage11.25,WT,Ventral Endoderm 2,143,2.1946
snRNAseq_Preprocessing-QualityControl-Annotation_EarlyGastrula-Stage11-WT_Xtrop_descriptive_section_paths.ipynb,Stage11.25,WT,Dorsal Endoderm 2,128,1.9644
snRNAseq_Preprocessing-QualityControl-Annotation_EarlyGastrula-Stage11-WT_Xtrop_descriptive_section_paths.ipynb,Stage11.25,WT,Cement Gland Primordium,101,1.55
snRNAseq_Preprocessing-QualityControl-Annotation_EarlyGastrula-Stage11-WT_Xtrop_descriptive_section_paths.ipynb,Stage11.25,WT,Ciliated Epidermal Progenitor,91,1.3966
snRNAseq_Preprocessing-QualityControl-Annotation_EarlyGastrula-Stage11-WT_Xtrop_descriptive_section_paths.ipynb,Stage11.25,WT,Ventral Mesoderm 1,82,1.2584
snRNAseq_Preprocessing-QualityControl-Annotation_EarlyGastrula-Stage11-WT_Xtrop_descriptive_section_paths.ipynb,Stage11.25,WT,Dorsal Endoderm 1,64,0.9822
snRNAseq_Preprocessing-QualityControl-Annotation_EarlyGastrula-Stage11-WT_Xtrop_descriptive_section_paths.ipynb,Stage11.25,WT,Dorsal Mesoderm 1,61,0.9362
snRNAseq_Preprocessing-QualityControl-Annotation_EarlyGastrula-Stage11-WT_Xtrop_descriptive_section_paths.ipynb,Stage11.25,WT,Ventral Endoderm 1,39,0.5985
snRNAseq_Preprocessing-QualityControl-Annotation_EarlyGastrula-Stage12_5-WT_Xtrop_descriptive_section_paths.ipynb,Stage12.5,WT,Neural Plate 2,980,9.5731
snRNAseq_Preprocessing-QualityControl-Annotation_EarlyGastrula-Stage12_5-WT_Xtrop_descriptive_section_paths.ipynb,Stage12.5,WT,Epidermis 1,952,9.2996
snRNAseq_Preprocessing-QualityControl-Annotation_EarlyGastrula-Stage12_5-WT_Xtrop_descriptive_section_paths.ipynb,Stage12.5,WT,Ventral Mesoderm,854,8.3423
snRNAseq_Preprocessing-QualityControl-Annotation_EarlyGastrula-Stage12_5-WT_Xtrop_descriptive_section_paths.ipynb,Stage12.5,WT,Posterior Paraxial Mesoderm,709,6.9259
snRNAseq_Preprocessing-QualityControl-Annotation_EarlyGastrula-Stage12_5-WT_Xtrop_descriptive_section_paths.ipynb,Stage12.5,WT,Eye Primordium,555,5.4215
snRNAseq_Preprocessing-QualityControl-Annotation_EarlyGastrula-Stage12_5-WT_Xtrop_descriptive_section_paths.ipynb,Stage12.5,WT,Epidermis 2,472,4.6107
snRNAseq_Preprocessing-QualityControl-Annotation_EarlyGastrula-Stage12_5-WT_Xtrop_descriptive_section_paths.ipynb,Stage12.5,WT,Goblet Cell,450,4.3958
snRNAseq_Preprocessing-QualityControl-Annotation_EarlyGastrula-Stage12_5-WT_Xtrop_descriptive_section_paths.ipynb,Stage12.5,WT,Anterior Paraxial Mesoderm,382,3.7316
snRNAseq_Preprocessing-QualityControl-Annotation_EarlyGastrula-Stage12_5-WT_Xtrop_descriptive_section_paths.ipynb,Stage12.5,WT,Neural Crest,371,3.6241
snRNAseq_Preprocessing-QualityControl-Annotation_EarlyGastrula-Stage12_5-WT_Xtrop_descriptive_section_paths.ipynb,Stage12.5,WT,Notochord,358,3.4971
snRNAseq_Preprocessing-QualityControl-Annotation_EarlyGastrula-Stage12_5-WT_Xtrop_descriptive_section_paths.ipynb,Stage12.5,WT,Neural Plate Border 1,344,3.3604
snRNAseq_Preprocessing-QualityControl-Annotation_EarlyGastrula-Stage12_5-WT_Xtrop_descriptive_section_paths.ipynb,Stage12.5,WT,Lateral Mesoderm,335,3.2724
snRNAseq_Preprocessing-QualityControl-Annotation_EarlyGastrula-Stage12_5-WT_Xtrop_descriptive_section_paths.ipynb,Stage12.5,WT,Neural Plate 1,335,3.2724
snRNAseq_Preprocessing-QualityControl-Annotation_EarlyGastrula-Stage12_5-WT_Xtrop_descriptive_section_paths.ipynb,Stage12.5,WT,Early Neuron,278,2.7156
snRNAseq_Preprocessing-QualityControl-Annotation_EarlyGastrula-Stage12_5-WT_Xtrop_descriptive_section_paths.ipynb,Stage12.5,WT,Pharyngeal Mesoderm,231,2.2565
snRNAseq_Preprocessing-QualityControl-Annotation_EarlyGastrula-Stage12_5-WT_Xtrop_descriptive_section_paths.ipynb,Stage12.5,WT,Cement Gland Primordium,231,2.2565
snRNAseq_Preprocessing-QualityControl-Annotation_EarlyGastrula-Stage12_5-WT_Xtrop_descriptive_section_paths.ipynb,Stage12.5,WT,Neural Plate Border 2,219,2.1393
snRNAseq_Preprocessing-QualityControl-Annotation_EarlyGastrula-Stage12_5-WT_Xtrop_descriptive_section_paths.ipynb,Stage12.5,WT,Anterior Neural Ridge,214,2.0905
snRNAseq_Preprocessing-QualityControl-Annotation_EarlyGastrula-Stage12_5-WT_Xtrop_descriptive_section_paths.ipynb,Stage12.5,WT,Posterior Pre-placodal Region,202,1.9732
snRNAseq_Preprocessing-QualityControl-Annotation_EarlyGastrula-Stage12_5-WT_Xtrop_descriptive_section_paths.ipynb,Stage12.5,WT,Hindbrain Primordium,201,1.9635
snRNAseq_Preprocessing-QualityControl-Annotation_EarlyGastrula-Stage12_5-WT_Xtrop_descriptive_section_paths.ipynb,Stage12.5,WT,L/R Organizer Mesoderm,190,1.856
snRNAseq_Preprocessing-QualityControl-Annotation_EarlyGastrula-Stage12_5-WT_Xtrop_descriptive_section_paths.ipynb,Stage12.5,WT,Notoplate,187,1.8267
snRNAseq_Preprocessing-QualityControl-Annotation_EarlyGastrula-Stage12_5-WT_Xtrop_descriptive_section_paths.ipynb,Stage12.5,WT,Anterior Pre-placodal Region,185,1.8072
snRNAseq_Preprocessing-QualityControl-Annotation_EarlyGastrula-Stage12_5-WT_Xtrop_descriptive_section_paths.ipynb,Stage12.5,WT,Midgut Primordium,172,1.6802
snRNAseq_Preprocessing-QualityControl-Annotation_EarlyGastrula-Stage12_5-WT_Xtrop_descriptive_section_paths.ipynb,Stage12.5,WT,Ciliated Epidermal Progenitor,161,1.5727
snRNAseq_Preprocessing-QualityControl-Annotation_EarlyGastrula-Stage12_5-WT_Xtrop_descriptive_section_paths.ipynb,Stage12.5,WT,Hindgut Primordium,141,1.3774
snRNAseq_Preprocessing-QualityControl-Annotation_EarlyGastrula-Stage12_5-WT_Xtrop_descriptive_section_paths.ipynb,Stage12.5,WT,Pre-placodal Region,130,1.2699
snRNAseq_Preprocessing-QualityControl-Annotation_EarlyGastrula-Stage12_5-WT_Xtrop_descriptive_section_paths.ipynb,Stage12.5,WT,Ventral Blood Island,130,1.2699
snRNAseq_Preprocessing-QualityControl-Annotation_EarlyGastrula-Stage12_5-WT_Xtrop_descriptive_section_paths.ipynb,Stage12.5,WT,Pronephric Primordium,101,0.9866
snRNAseq_Preprocessing-QualityControl-Annotation_EarlyGastrula-Stage12_5-WT_Xtrop_descriptive_section_paths.ipynb,Stage12.5,WT,Foregut Primordium,86,0.8401
snRNAseq_Preprocessing-QualityControl-Annotation_EarlyGastrula-Stage12_5-WT_Xtrop_descriptive_section_paths.ipynb,Stage12.5,WT,Ionocyte,80,0.7815
snRNAseq_Preprocessing-QualityControl-Annotation_EarlyGastrula-Stage12_5-WT_Xtrop_descriptive_section_paths.ipynb,Stage12.5,WT,Unknown,1,0.0098
snRNAseq_Preprocessing-QualityControl-Annotation_EarlyGastrula-Stage12-MO_Xtrop_descriptive_section_paths.ipynb,Stage12.0,MO,Epidermis 1,1146,13.3287
snRNAseq_Preprocessing-QualityControl-Annotation_EarlyGastrula-Stage12-MO_Xtrop_descriptive_section_paths.ipynb,Stage12.0,MO,Epidermis 2,1123,13.0612
snRNAseq_Preprocessing-QualityControl-Annotation_EarlyGastrula-Stage12-MO_Xtrop_descriptive_section_paths.ipynb,Stage12.0,MO,Neural Plate 2,879,10.2233
snRNAseq_Preprocessing-QualityControl-Annotation_EarlyGastrula-Stage12-MO_Xtrop_descriptive_section_paths.ipynb,Stage12.0,MO,Neural Plate Border 2,698,8.1182
snRNAseq_Preprocessing-QualityControl-Annotation_EarlyGastrula-Stage12-MO_Xtrop_descriptive_section_paths.ipynb,Stage12.0,MO,Ventral Mesoderm,658,7.6529
snRNAseq_Preprocessing-QualityControl-Annotation_EarlyGastrula-Stage12-MO_Xtrop_descriptive_section_paths.ipynb,Stage12.0,MO,Neural Plate 1,463,5.385
snRNAseq_Preprocessing-QualityControl-Annotation_EarlyGastrula-Stage12-MO_Xtrop_descriptive_section_paths.ipynb,Stage12.0,MO,Hindgut Primordium,390,4.5359
snRNAseq_Preprocessing-QualityControl-Annotation_EarlyGastrula-Stage12-MO_Xtrop_descriptive_section_paths.ipynb,Stage12.0,MO,Pharyngeal Mesoderm,379,4.408
snRNAseq_Preprocessing-QualityControl-Annotation_EarlyGastrula-Stage12-MO_Xtrop_descriptive_section_paths.ipynb,Stage12.0,MO,Foregut Primordium,377,4.3847
snRNAseq_Preprocessing-QualityControl-Annotation_EarlyGastrula-Stage12-MO_Xtrop_descriptive_section_paths.ipynb,Stage12.0,MO,Pre-placodal Region,372,4.3266
snRNAseq_Preprocessing-QualityControl-Annotation_EarlyGastrula-Stage12-MO_Xtrop_descriptive_section_paths.ipynb,Stage12.0,MO,Anterior Paraxial Mesoderm,359,4.1754
snRNAseq_Preprocessing-QualityControl-Annotation_EarlyGastrula-Stage12-MO_Xtrop_descriptive_section_paths.ipynb,Stage12.0,MO,Ciliated Epidermal Progenitor,298,3.4659
snRNAseq_Preprocessing-QualityControl-Annotation_EarlyGastrula-Stage12-MO_Xtrop_descriptive_section_paths.ipynb,Stage12.0,MO,Midgut Primordium,213,2.4773
snRNAseq_Preprocessing-QualityControl-Annotation_EarlyGastrula-Stage12-MO_Xtrop_descriptive_section_paths.ipynb,Stage12.0,MO,Notochord,211,2.4541
snRNAseq_Preprocessing-QualityControl-Annotation_EarlyGastrula-Stage12-MO_Xtrop_descriptive_section_paths.ipynb,Stage12.0,MO,Posterior Paraxial Mesoderm,208,2.4192
snRNAseq_Preprocessing-QualityControl-Annotation_EarlyGastrula-Stage12-MO_Xtrop_descriptive_section_paths.ipynb,Stage12.0,MO,L/R Organizer Mesoderm,163,1.8958
snRNAseq_Preprocessing-QualityControl-Annotation_EarlyGastrula-Stage12-MO_Xtrop_descriptive_section_paths.ipynb,Stage12.0,MO,Lateral Mesoderm,124,1.4422
snRNAseq_Preprocessing-QualityControl-Annotation_EarlyGastrula-Stage12-MO_Xtrop_descriptive_section_paths.ipynb,Stage12.0,MO,Pronephric Primordium,93,1.0816
snRNAseq_Preprocessing-QualityControl-Annotation_EarlyGastrula-Stage12-MO_Xtrop_descriptive_section_paths.ipynb,Stage12.0,MO,Ventral Blood Island,92,1.07
snRNAseq_Preprocessing-QualityControl-Annotation_EarlyGastrula-Stage12-MO_Xtrop_descriptive_section_paths.ipynb,Stage12.0,MO,Dorsolateral Mesoderm,77,0.8956
snRNAseq_Preprocessing-QualityControl-Annotation_EarlyGastrula-Stage12-MO_Xtrop_descriptive_section_paths.ipynb,Stage12.0,MO,Cement Gland Primordium,67,0.7793
snRNAseq_Preprocessing-QualityControl-Annotation_EarlyGastrula-Stage12-MO_Xtrop_descriptive_section_paths.ipynb,Stage12.0,MO,Neural Plate Border 1,66,0.7676
snRNAseq_Preprocessing-QualityControl-Annotation_EarlyGastrula-Stage12-MO_Xtrop_descriptive_section_paths.ipynb,Stage12.0,MO,Hindbrain Primordium,40,0.4652
snRNAseq_Preprocessing-QualityControl-Annotation_EarlyGastrula-Stage12-MO_Xtrop_descriptive_section_paths.ipynb,Stage12.0,MO,Ionocyte,37,0.4303
snRNAseq_Preprocessing-QualityControl-Annotation_EarlyGastrula-Stage12-MO_Xtrop_descriptive_section_paths.ipynb,Stage12.0,MO,Pre-chordal Plate Mesoderm,30,0.3489
snRNAseq_Preprocessing-QualityControl-Annotation_EarlyGastrula-Stage12-MO_Xtrop_descriptive_section_paths.ipynb,Stage12.0,MO,Eye Primordium,22,0.2559
snRNAseq_Preprocessing-QualityControl-Annotation_EarlyGastrula-Stage12-MO_Xtrop_descriptive_section_paths.ipynb,Stage12.0,MO,Goblet Cells,13,0.1512
snRNAseq_Preprocessing-QualityControl-Annotation_EarlyGastrula-Stage12-MO_Xtrop_descriptive_section_paths.ipynb,Stage12.0,MO,Unknown,0,0.0
snRNAseq_Preprocessing-QualityControl-Annotation_EarlyGastrula-Stage12-WT_Xtrop_descriptive_section_paths.ipynb,Stage12.0,WT,Epidermis 1,1301,12.0586
snRNAseq_Preprocessing-QualityControl-Annotation_EarlyGastrula-Stage12-WT_Xtrop_descriptive_section_paths.ipynb,Stage12.0,WT,Epidermis 2,926,8.5828
snRNAseq_Preprocessing-QualityControl-Annotation_EarlyGastrula-Stage12-WT_Xtrop_descriptive_section_paths.ipynb,Stage12.0,WT,Neural Plate Border 2,876,8.1194
snRNAseq_Preprocessing-QualityControl-Annotation_EarlyGastrula-Stage12-WT_Xtrop_descriptive_section_paths.ipynb,Stage12.0,WT,Neural Plate 2,720,6.6735
snRNAseq_Preprocessing-QualityControl-Annotation_EarlyGastrula-Stage12-WT_Xtrop_descriptive_section_paths.ipynb,Stage12.0,WT,Ventral Mesoderm,697,6.4603
snRNAseq_Preprocessing-QualityControl-Annotation_EarlyGastrula-Stage12-WT_Xtrop_descriptive_section_paths.ipynb,Stage12.0,WT,Neural Plate 1,612,5.6724
snRNAseq_Preprocessing-QualityControl-Annotation_EarlyGastrula-Stage12-WT_Xtrop_descriptive_section_paths.ipynb,Stage12.0,WT,Anterior Paraxial Mesoderm,566,5.2461
snRNAseq_Preprocessing-QualityControl-Annotation_EarlyGastrula-Stage12-WT_Xtrop_descriptive_section_paths.ipynb,Stage12.0,WT,Posterior Paraxial Mesoderm,509,4.7178
snRNAseq_Preprocessing-QualityControl-Annotation_EarlyGastrula-Stage12-WT_Xtrop_descriptive_section_paths.ipynb,Stage12.0,WT,Eye Primordium,483,4.4768
snRNAseq_Preprocessing-QualityControl-Annotation_EarlyGastrula-Stage12-WT_Xtrop_descriptive_section_paths.ipynb,Stage12.0,WT,Cement Gland Primordium,450,4.1709
snRNAseq_Preprocessing-QualityControl-Annotation_EarlyGastrula-Stage12-WT_Xtrop_descriptive_section_paths.ipynb,Stage12.0,WT,Hindgut Primordium,431,3.9948
snRNAseq_Preprocessing-QualityControl-Annotation_EarlyGastrula-Stage12-WT_Xtrop_descriptive_section_paths.ipynb,Stage12.0,WT,Foregut Primordium,368,3.4109
snRNAseq_Preprocessing-QualityControl-Annotation_EarlyGastrula-Stage12-WT_Xtrop_descriptive_section_paths.ipynb,Stage12.0,WT,Pharyngeal Mesoderm,314,2.9104
snRNAseq_Preprocessing-QualityControl-Annotation_EarlyGastrula-Stage12-WT_Xtrop_descriptive_section_paths.ipynb,Stage12.0,WT,Pre-placodal Region,287,2.6601
snRNAseq_Preprocessing-QualityControl-Annotation_EarlyGastrula-Stage12-WT_Xtrop_descriptive_section_paths.ipynb,Stage12.0,WT,Notochord,277,2.5674
snRNAseq_Preprocessing-QualityControl-Annotation_EarlyGastrula-Stage12-WT_Xtrop_descriptive_section_paths.ipynb,Stage12.0,WT,Dorsolateral Mesoderm,268,2.484
snRNAseq_Preprocessing-QualityControl-Annotation_EarlyGastrula-Stage12-WT_Xtrop_descriptive_section_paths.ipynb,Stage12.0,WT,Lateral Mesoderm,258,2.3913
snRNAseq_Preprocessing-QualityControl-Annotation_EarlyGastrula-Stage12-WT_Xtrop_descriptive_section_paths.ipynb,Stage12.0,WT,Neural Plate Border 1,255,2.3635
snRNAseq_Preprocessing-QualityControl-Annotation_EarlyGastrula-Stage12-WT_Xtrop_descriptive_section_paths.ipynb,Stage12.0,WT,Hindbrain Primordium,228,2.1133
snRNAseq_Preprocessing-QualityControl-Annotation_EarlyGastrula-Stage12-WT_Xtrop_descriptive_section_paths.ipynb,Stage12.0,WT,Pronephric Primordium,219,2.0298
snRNAseq_Preprocessing-QualityControl-Annotation_EarlyGastrula-Stage12-WT_Xtrop_descriptive_section_paths.ipynb,Stage12.0,WT,Ciliated Epidermal Progenitor,173,1.6035
snRNAseq_Preprocessing-QualityControl-Annotation_EarlyGastrula-Stage12-WT_Xtrop_descriptive_section_paths.ipynb,Stage12.0,WT,Goblet Cells,140,1.2976
snRNAseq_Preprocessing-QualityControl-Annotation_EarlyGastrula-Stage12-WT_Xtrop_descriptive_section_paths.ipynb,Stage12.0,WT,Midgut Primordium,133,1.2327
snRNAseq_Preprocessing-QualityControl-Annotation_EarlyGastrula-Stage12-WT_Xtrop_descriptive_section_paths.ipynb,Stage12.0,WT,Ventral Blood Island,91,0.8435
snRNAseq_Preprocessing-QualityControl-Annotation_EarlyGastrula-Stage12-WT_Xtrop_descriptive_section_paths.ipynb,Stage12.0,WT,L/R Organizer Mesoderm,90,0.8342
snRNAseq_Preprocessing-QualityControl-Annotation_EarlyGastrula-Stage12-WT_Xtrop_descriptive_section_paths.ipynb,Stage12.0,WT,Ionocyte,59,0.5469
snRNAseq_Preprocessing-QualityControl-Annotation_EarlyGastrula-Stage12-WT_Xtrop_descriptive_section_paths.ipynb,Stage12.0,WT,Pre-chordal Plate Mesoderm,58,0.5376
snRNAseq_Preprocessing-QualityControl-Annotation_EarlyGastrula-Stage13-WT_Xtrop_descriptive_section_paths.ipynb,Stage13,WT,Goblet Cell,946,10.705
snRNAseq_Preprocessing-QualityControl-Annotation_EarlyGastrula-Stage13-WT_Xtrop_descriptive_section_paths.ipynb,Stage13,WT,Neural Plate 2,919,10.3995
snRNAseq_Preprocessing-QualityControl-Annotation_EarlyGastrula-Stage13-WT_Xtrop_descriptive_section_paths.ipynb,Stage13,WT,Ventral Mesoderm,708,8.0118
snRNAseq_Preprocessing-QualityControl-Annotation_EarlyGastrula-Stage13-WT_Xtrop_descriptive_section_paths.ipynb,Stage13,WT,Posterior Paraxial Mesoderm,563,6.3709
snRNAseq_Preprocessing-QualityControl-Annotation_EarlyGastrula-Stage13-WT_Xtrop_descriptive_section_paths.ipynb,Stage13,WT,Eye Primordium,459,5.1941
snRNAseq_Preprocessing-QualityControl-Annotation_EarlyGastrula-Stage13-WT_Xtrop_descriptive_section_paths.ipynb,Stage13,WT,Anterior Neural Ridge,435,4.9225
snRNAseq_Preprocessing-QualityControl-Annotation_EarlyGastrula-Stage13-WT_Xtrop_descriptive_section_paths.ipynb,Stage13,WT,Anterior Paraxial Mesoderm,364,4.119
snRNAseq_Preprocessing-QualityControl-Annotation_EarlyGastrula-Stage13-WT_Xtrop_descriptive_section_paths.ipynb,Stage13,WT,Epidermis 1,356,4.0285
snRNAseq_Preprocessing-QualityControl-Annotation_EarlyGastrula-Stage13-WT_Xtrop_descriptive_section_paths.ipynb,Stage13,WT,Early Neuron,352,3.9833
snRNAseq_Preprocessing-QualityControl-Annotation_EarlyGastrula-Stage13-WT_Xtrop_descriptive_section_paths.ipynb,Stage13,WT,Epidermis 2,292,3.3043
snRNAseq_Preprocessing-QualityControl-Annotation_EarlyGastrula-Stage13-WT_Xtrop_descriptive_section_paths.ipynb,Stage13,WT,Neural Crest,256,2.8969
snRNAseq_Preprocessing-QualityControl-Annotation_EarlyGastrula-Stage13-WT_Xtrop_descriptive_section_paths.ipynb,Stage13,WT,Posterior Pre-placodal Region,226,2.5574
snRNAseq_Preprocessing-QualityControl-Annotation_EarlyGastrula-Stage13-WT_Xtrop_descriptive_section_paths.ipynb,Stage13,WT,Lateral Mesoderm,226,2.5574
snRNAseq_Preprocessing-QualityControl-Annotation_EarlyGastrula-Stage13-WT_Xtrop_descriptive_section_paths.ipynb,Stage13,WT,Hindbrain Primordium,205,2.3198
snRNAseq_Preprocessing-QualityControl-Annotation_EarlyGastrula-Stage13-WT_Xtrop_descriptive_section_paths.ipynb,Stage13,WT,Notochord,186,2.1048
snRNAseq_Preprocessing-QualityControl-Annotation_EarlyGastrula-Stage13-WT_Xtrop_descriptive_section_paths.ipynb,Stage13,WT,Notoplate,180,2.0369
snRNAseq_Preprocessing-QualityControl-Annotation_EarlyGastrula-Stage13-WT_Xtrop_descriptive_section_paths.ipynb,Stage13,WT,Pharyngeal Mesoderm,178,2.0143
snRNAseq_Preprocessing-QualityControl-Annotation_EarlyGastrula-Stage13-WT_Xtrop_descriptive_section_paths.ipynb,Stage13,WT,Pronephric Primordium,174,1.969
snRNAseq_Preprocessing-QualityControl-Annotation_EarlyGastrula-Stage13-WT_Xtrop_descriptive_section_paths.ipynb,Stage13,WT,Midgut Primordium,131,1.4824
snRNAseq_Preprocessing-QualityControl-Annotation_EarlyGastrula-Stage13-WT_Xtrop_descriptive_section_paths.ipynb,Stage13,WT,Ventral Blood Island,131,1.4824
snRNAseq_Preprocessing-QualityControl-Annotation_EarlyGastrula-Stage13-WT_Xtrop_descriptive_section_paths.ipynb,Stage13,WT,Pre-placodal Region,131,1.4824
snRNAseq_Preprocessing-QualityControl-Annotation_EarlyGastrula-Stage13-WT_Xtrop_descriptive_section_paths.ipynb,Stage13,WT,Anterior Pre-placodal Region,128,1.4485
snRNAseq_Preprocessing-QualityControl-Annotation_EarlyGastrula-Stage13-WT_Xtrop_descriptive_section_paths.ipynb,Stage13,WT,Basal Cells,125,1.4145
snRNAseq_Preprocessing-QualityControl-Annotation_EarlyGastrula-Stage13-WT_Xtrop_descriptive_section_paths.ipynb,Stage13,WT,Neural Plate Border 1,124,1.4032
snRNAseq_Preprocessing-QualityControl-Annotation_EarlyGastrula-Stage13-WT_Xtrop_descriptive_section_paths.ipynb,Stage13,WT,Ciliated Epidermal Progenitor,120,1.3579
snRNAseq_Preprocessing-QualityControl-Annotation_EarlyGastrula-Stage13-WT_Xtrop_descriptive_section_paths.ipynb,Stage13,WT,Anterior Neural Crest,119,1.3466
snRNAseq_Preprocessing-QualityControl-Annotation_EarlyGastrula-Stage13-WT_Xtrop_descriptive_section_paths.ipynb,Stage13,WT,Cement Gland Primordium,110,1.2448
snRNAseq_Preprocessing-QualityControl-Annotation_EarlyGastrula-Stage13-WT_Xtrop_descriptive_section_paths.ipynb,Stage13,WT,Posterior Neural Crest,100,1.1316
snRNAseq_Preprocessing-QualityControl-Annotation_EarlyGastrula-Stage13-WT_Xtrop_descriptive_section_paths.ipynb,Stage13,WT,Ionocyte,96,1.0863
snRNAseq_Preprocessing-QualityControl-Annotation_EarlyGastrula-Stage13-WT_Xtrop_descriptive_section_paths.ipynb,Stage13,WT,Pharyngeal Primordium,89,1.0071
snRNAseq_Preprocessing-QualityControl-Annotation_EarlyGastrula-Stage13-WT_Xtrop_descriptive_section_paths.ipynb,Stage13,WT,Neural Plate Border 2,88,0.9958
snRNAseq_Preprocessing-QualityControl-Annotation_EarlyGastrula-Stage13-WT_Xtrop_descriptive_section_paths.ipynb,Stage13,WT,Pre-chordal Plate,64,0.7242
snRNAseq_Preprocessing-QualityControl-Annotation_EarlyGastrula-Stage13-WT_Xtrop_descriptive_section_paths.ipynb,Stage13,WT,Hindgut Primordium,58,0.6563
snRNAseq_Preprocessing-QualityControl-Annotation_EarlyGastrula-Stage13-WT_Xtrop_descriptive_section_paths.ipynb,Stage13,WT,Foregut Primordium,49,0.5545
snRNAseq_Preprocessing-QualityControl-Annotation_EarlyGastrula-Stage13-WT_Xtrop_descriptive_section_paths.ipynb,Stage13,WT,Pancreatic Primordium,47,0.5319
snRNAseq_Preprocessing-QualityControl-Annotation_EarlyGastrula-Stage13-WT_Xtrop_descriptive_section_paths.ipynb,Stage13,WT,L/R Organizer Primordium,38,0.43
snRNAseq_Preprocessing-QualityControl-Annotation_EarlyGastrula-Stage13-WT_Xtrop_descriptive_section_paths.ipynb,Stage13,WT,Liver Primordium,27,0.3055
snRNAseq_Preprocessing-QualityControl-Annotation_EarlyGastrula-Stage13-WT_Xtrop_descriptive_section_paths.ipynb,Stage13,WT,Anterior Pharyngeal Primordium,21,0.2376
snRNAseq_Preprocessing-QualityControl-Annotation_EarlyGastrula-Stage13-WT_Xtrop_descriptive_section_paths.ipynb,Stage13,WT,Neural Plate 1,10,0.1132
snRNAseq_Preprocessing-QualityControl-Annotation_EarlyGastrula-Stage13-WT_Xtrop_descriptive_section_paths.ipynb,Stage13,WT,Other,5,0.0566
snRNAseq_Preprocessing-QualityControl-Annotation_EarlyGastrula-Stage13-WT_Xtrop_descriptive_section_paths.ipynb,Stage13,WT,Unknown,1,0.0113
